Study,From,To,Inom_A,Inom_paper_A,Inom_match_%,Ifmin_kA,Ifmin_paper_kA,Ifmin_match_%,Ifmax_kA,Ifmax_paper_kA,Ifmax_match_%,Compared_value,Ifmin_branch_kA,Ifmin_bus_kA,Ifmax_branch_kA,Ifmax_bus_kA
"Complete | grid Sk''=model 200 MVA | DG in",RG60,632,587.6,587.1,99.9,0.595,1.24,48.0,7.290,5.41,65.2,branch,0.595,0.653,7.290,9.051
"Complete | grid Sk''=model 200 MVA | DG in",632,633,81.1,81.1,100.0,0.789,0.72,90.5,6.885,6.73,97.7,branch,0.789,0.746,6.885,6.885
"Complete | grid Sk''=model 200 MVA | DG in",632,645,143.4,143.3,100.0,0.845,0.93,90.8,5.039,4.25,81.4,branch,0.845,0.720,5.039,5.020
"Complete | grid Sk''=model 200 MVA | DG in",632,671,479.0,478.2,99.8,0.408,1.08,37.8,4.428,4.52,98.0,branch,0.408,0.653,4.428,6.556
"Complete | grid Sk''=model 200 MVA | DG in",XFM1-HV,side,81.1,81.1,100.0,0.746,0.73,97.8,6.885,6.48,93.8,bus,0.069,0.746,0.000,6.885
"Complete | grid Sk''=model 200 MVA | DG in",XFM1-LV,side,706.3,704.7,99.8,0.691,0.59,82.8,18.813,18.76,99.7,branch,0.691,0.093,18.813,18.813
"Complete | grid Sk''=model 200 MVA | DG in",645,646,65.4,64.9,99.3,0.780,0.84,92.8,4.200,3.64,84.6,branch,0.780,0.720,4.200,4.200
"Complete | grid Sk''=model 200 MVA | DG in",671,692,229.8,229.3,99.8,0.304,0.78,38.9,4.427,3.69,80.0,branch,0.304,0.683,4.427,6.556
"Complete | grid Sk''=model 200 MVA | DG in",671,684,71.1,70.9,99.7,0.697,0.69,98.9,4.484,3.47,70.8,branch,0.697,0.653,4.484,4.450
"Complete | grid Sk''=model 200 MVA | DG in",671,680,0.0,0.0,100.0,0.682,0.59,84.4,5.031,6.25,80.5,branch,0.682,0.682,5.031,5.031
"Complete | grid Sk''=model 200 MVA | DG in",692,675,205.9,205.9,100.0,0.755,0.71,93.6,5.791,7.83,74.0,branch,0.755,0.683,5.791,5.791
"Complete | grid Sk''=model 200 MVA | DG in",684,611,71.1,70.8,99.5,0.720,0.63,85.7,2.373,1.93,77.1,branch,0.720,0.661,2.373,2.373
"Complete | grid Sk''=model 200 MVA | DG in",684,652,63.0,63.1,99.8,0.697,0.66,94.3,2.310,2.67,86.5,branch,0.697,0.653,2.310,2.310
"Complete | grid Sk''=model 200 MVA | DG out",RG60,632,587.6,587.1,99.9,1.084,1.24,87.4,7.302,5.41,65.0,branch,1.084,0.614,7.302,7.303
"Complete | grid Sk''=model 200 MVA | DG out",632,633,81.1,81.1,100.0,0.770,0.72,93.0,5.778,6.73,85.9,branch,0.770,0.727,5.778,5.778
"Complete | grid Sk''=model 200 MVA | DG out",632,645,143.4,143.3,100.0,0.836,0.93,89.9,4.312,4.25,98.5,branch,0.836,0.714,4.312,4.294
"Complete | grid Sk''=model 200 MVA | DG out",632,671,479.0,478.2,99.8,0.906,1.08,83.9,4.434,4.52,98.1,branch,0.906,0.614,4.434,4.433
"Complete | grid Sk''=model 200 MVA | DG out",XFM1-HV,side,81.1,81.1,100.0,0.727,0.73,99.7,5.778,6.48,89.2,bus,0.070,0.727,0.000,5.778
"Complete | grid Sk''=model 200 MVA | DG out",XFM1-LV,side,706.3,704.7,99.8,0.703,0.59,80.9,17.708,18.76,94.4,branch,0.703,0.091,17.708,17.708
"Complete | grid Sk''=model 200 MVA | DG out",645,646,65.4,64.9,99.3,0.772,0.84,91.9,3.676,3.64,99.0,branch,0.772,0.714,3.676,3.676
"Complete | grid Sk''=model 200 MVA | DG out",671,692,229.8,229.3,99.8,0.733,0.78,93.9,4.433,3.69,79.9,branch,0.733,0.645,4.433,4.433
"Complete | grid Sk''=model 200 MVA | DG out",671,684,71.1,70.9,99.7,0.655,0.69,94.9,3.192,3.47,92.0,branch,0.655,0.614,3.192,3.160
"Complete | grid Sk''=model 200 MVA | DG out",671,680,0.0,0.0,100.0,0.643,0.59,91.1,3.655,6.25,58.5,branch,0.643,0.643,3.655,3.655
"Complete | grid Sk''=model 200 MVA | DG out",692,675,205.9,205.9,100.0,0.733,0.71,96.8,4.014,7.83,51.3,branch,0.733,0.645,4.014,4.014
"Complete | grid Sk''=model 200 MVA | DG out",684,611,71.1,70.8,99.5,0.681,0.63,91.9,2.065,1.93,93.0,branch,0.681,0.624,2.065,2.065
"Complete | grid Sk''=model 200 MVA | DG out",684,652,63.0,63.1,99.8,0.655,0.66,99.3,2.029,2.67,76.0,branch,0.655,0.614,2.029,2.029
"Complete | grid Sk''=25 MVA | DG in",RG60,632,587.6,587.1,99.9,0.522,1.24,42.1,2.736,5.41,50.6,branch,0.522,0.624,2.736,4.509
"Complete | grid Sk''=25 MVA | DG in",632,633,81.1,81.1,100.0,0.741,0.72,97.1,3.922,6.73,58.3,branch,0.741,0.701,3.922,3.922
"Complete | grid Sk''=25 MVA | DG in",632,645,143.4,143.3,100.0,0.817,0.93,87.8,3.110,4.25,73.2,branch,0.817,0.699,3.110,3.085
"Complete | grid Sk''=25 MVA | DG in",632,671,479.0,478.2,99.8,0.349,1.08,32.3,2.228,4.52,49.3,branch,0.349,0.624,2.228,4.374
"Complete | grid Sk''=25 MVA | DG in",XFM1-HV,side,81.1,81.1,100.0,0.701,0.73,96.0,3.922,6.48,60.5,bus,0.068,0.701,0.000,3.922
"Complete | grid Sk''=25 MVA | DG in",XFM1-LV,side,706.3,704.7,99.8,0.694,0.59,82.3,15.465,18.76,82.4,branch,0.694,0.091,15.465,15.465
"Complete | grid Sk''=25 MVA | DG in",645,646,65.4,64.9,99.3,0.756,0.84,90.0,2.785,3.64,76.5,branch,0.756,0.699,2.785,2.785
"Complete | grid Sk''=25 MVA | DG in",671,692,229.8,229.3,99.8,0.334,0.78,42.8,2.227,3.69,60.3,branch,0.334,0.644,2.227,4.374
"Complete | grid Sk''=25 MVA | DG in",671,684,71.1,70.9,99.7,0.668,0.69,96.8,3.172,3.47,91.4,branch,0.668,0.624,3.172,3.136
"Complete | grid Sk''=25 MVA | DG in",671,680,0.0,0.0,100.0,0.641,0.59,91.4,3.638,6.25,58.2,branch,0.641,0.641,3.638,3.638
"Complete | grid Sk''=25 MVA | DG in",692,675,205.9,205.9,100.0,0.735,0.71,96.5,4.029,7.83,51.5,branch,0.735,0.644,4.029,4.029
"Complete | grid Sk''=25 MVA | DG in",684,611,71.1,70.8,99.5,0.680,0.63,92.1,1.811,1.93,93.8,branch,0.680,0.624,1.811,1.811
"Complete | grid Sk''=25 MVA | DG in",684,652,63.0,63.1,99.8,0.668,0.66,98.9,1.816,2.67,68.0,branch,0.668,0.625,1.816,1.816
"Complete | grid Sk''=25 MVA | DG out",RG60,632,587.6,587.1,99.9,1.007,1.24,81.2,2.780,5.41,51.4,branch,1.007,0.558,2.780,2.780
"Complete | grid Sk''=25 MVA | DG out",632,633,81.1,81.1,100.0,0.697,0.72,96.8,2.536,6.73,37.7,branch,0.697,0.658,2.536,2.536
"Complete | grid Sk''=25 MVA | DG out",632,645,143.4,143.3,100.0,0.790,0.93,85.0,2.130,4.25,50.1,branch,0.790,0.679,2.130,2.108
"Complete | grid Sk''=25 MVA | DG out",632,671,479.0,478.2,99.8,0.849,1.08,78.6,2.262,4.52,50.0,branch,0.849,0.558,2.262,2.261
"Complete | grid Sk''=25 MVA | DG out",XFM1-HV,side,81.1,81.1,100.0,0.658,0.73,90.1,2.536,6.48,39.1,bus,0.066,0.658,0.000,2.536
"Complete | grid Sk''=25 MVA | DG out",XFM1-LV,side,706.3,704.7,99.8,0.717,0.59,78.5,12.471,18.76,66.5,branch,0.717,0.090,12.471,12.471
"Complete | grid Sk''=25 MVA | DG out",645,646,65.4,64.9,99.3,0.733,0.84,87.3,1.962,3.64,53.9,branch,0.733,0.679,1.962,1.962
"Complete | grid Sk''=25 MVA | DG out",671,692,229.8,229.3,99.8,0.691,0.78,88.6,2.261,3.69,61.3,branch,0.691,0.580,2.261,2.261
"Complete | grid Sk''=25 MVA | DG out",671,684,71.1,70.9,99.7,0.595,0.69,86.3,1.788,3.47,51.5,branch,0.595,0.558,1.788,1.755
"Complete | grid Sk''=25 MVA | DG out",671,680,0.0,0.0,100.0,0.575,0.59,97.5,2.034,6.25,32.6,branch,0.575,0.575,2.034,2.034
"Complete | grid Sk''=25 MVA | DG out",692,675,205.9,205.9,100.0,0.676,0.71,95.2,2.146,7.83,27.4,branch,0.676,0.580,2.146,2.146
"Complete | grid Sk''=25 MVA | DG out",684,611,71.1,70.8,99.5,0.614,0.63,97.4,1.409,1.93,73.0,branch,0.614,0.562,1.409,1.409
"Complete | grid Sk''=25 MVA | DG out",684,652,63.0,63.1,99.8,0.595,0.66,90.2,1.418,2.67,53.1,branch,0.595,0.558,1.418,1.418
"Complete | grid Sk''=35 MVA | DG in",RG60,632,587.6,587.1,99.9,0.543,1.24,43.8,3.448,5.41,63.7,branch,0.543,0.635,3.448,5.211
"Complete | grid Sk''=35 MVA | DG in",632,633,81.1,81.1,100.0,0.757,0.72,94.8,4.448,6.73,66.1,branch,0.757,0.717,4.448,4.448
"Complete | grid Sk''=35 MVA | DG in",632,645,143.4,143.3,100.0,0.826,0.93,88.9,3.484,4.25,82.0,branch,0.826,0.707,3.484,3.460
"Complete | grid Sk''=35 MVA | DG in",632,671,479.0,478.2,99.8,0.365,1.08,33.8,2.666,4.52,59.0,branch,0.365,0.635,2.666,4.812
"Complete | grid Sk''=35 MVA | DG in",XFM1-HV,side,81.1,81.1,100.0,0.717,0.73,98.2,4.448,6.48,68.6,bus,0.068,0.717,0.000,4.448
"Complete | grid Sk''=35 MVA | DG in",XFM1-LV,side,706.3,704.7,99.8,0.694,0.59,82.4,16.252,18.76,86.6,branch,0.694,0.092,16.252,16.252
"Complete | grid Sk''=35 MVA | DG in",645,646,65.4,64.9,99.3,0.764,0.84,91.0,3.079,3.64,84.6,branch,0.764,0.707,3.079,3.079
"Complete | grid Sk''=35 MVA | DG in",671,692,229.8,229.3,99.8,0.326,0.78,41.7,2.666,3.69,72.2,branch,0.326,0.657,2.666,4.812
"Complete | grid Sk''=35 MVA | DG in",671,684,71.1,70.9,99.7,0.677,0.69,98.2,3.456,3.47,99.6,branch,0.677,0.635,3.456,3.421
"Complete | grid Sk''=35 MVA | DG in",671,680,0.0,0.0,100.0,0.654,0.59,89.1,3.937,6.25,63.0,branch,0.654,0.654,3.937,3.937
"Complete | grid Sk''=35 MVA | DG in",692,675,205.9,205.9,100.0,0.742,0.71,95.5,4.393,7.83,56.1,branch,0.742,0.657,4.393,4.393
"Complete | grid Sk''=35 MVA | DG in",684,611,71.1,70.8,99.5,0.693,0.63,89.9,1.958,1.93,98.6,branch,0.693,0.636,1.958,1.958
"Complete | grid Sk''=35 MVA | DG in",684,652,63.0,63.1,99.8,0.677,0.66,97.4,1.946,2.67,72.9,branch,0.677,0.635,1.946,1.946
"Complete | grid Sk''=35 MVA | DG out",RG60,632,587.6,587.1,99.9,1.033,1.24,83.3,3.482,5.41,64.4,branch,1.033,0.577,3.482,3.483
"Complete | grid Sk''=35 MVA | DG out",632,633,81.1,81.1,100.0,0.723,0.72,99.6,3.107,6.73,46.2,branch,0.723,0.683,3.107,3.107
"Complete | grid Sk''=35 MVA | DG out",632,645,143.4,143.3,100.0,0.807,0.93,86.8,2.550,4.25,60.0,branch,0.807,0.692,2.550,2.527
"Complete | grid Sk''=35 MVA | DG out",632,671,479.0,478.2,99.8,0.869,1.08,80.4,2.692,4.52,59.6,branch,0.869,0.577,2.692,2.691
"Complete | grid Sk''=35 MVA | DG out",XFM1-HV,side,81.1,81.1,100.0,0.683,0.73,93.5,3.107,6.48,47.9,bus,0.066,0.683,0.000,3.107
"Complete | grid Sk''=35 MVA | DG out",XFM1-LV,side,706.3,704.7,99.8,0.712,0.59,79.3,13.804,18.76,73.6,branch,0.712,0.090,13.804,13.804
"Complete | grid Sk''=35 MVA | DG out",645,646,65.4,64.9,99.3,0.747,0.84,88.9,2.317,3.64,63.7,branch,0.747,0.692,2.317,2.317
"Complete | grid Sk''=35 MVA | DG out",671,692,229.8,229.3,99.8,0.706,0.78,90.5,2.691,3.69,72.9,branch,0.706,0.602,2.691,2.691
"Complete | grid Sk''=35 MVA | DG out",671,684,71.1,70.9,99.7,0.616,0.69,89.3,2.087,3.47,60.2,branch,0.616,0.577,2.087,2.055
"Complete | grid Sk''=35 MVA | DG out",671,680,0.0,0.0,100.0,0.598,0.59,98.6,2.379,6.25,38.1,branch,0.598,0.598,2.379,2.379
"Complete | grid Sk''=35 MVA | DG out",692,675,205.9,205.9,100.0,0.700,0.71,98.7,2.529,7.83,32.3,branch,0.700,0.602,2.529,2.529
"Complete | grid Sk''=35 MVA | DG out",684,611,71.1,70.8,99.5,0.637,0.63,98.9,1.575,1.93,81.6,branch,0.637,0.583,1.575,1.575
"Complete | grid Sk''=35 MVA | DG out",684,652,63.0,63.1,99.8,0.616,0.66,93.3,1.576,2.67,59.0,branch,0.616,0.577,1.576,1.576
"Complete | grid Sk''=50 MVA | DG in",RG60,632,587.6,587.1,99.9,0.561,1.24,45.2,4.320,5.41,79.8,branch,0.561,0.642,4.320,6.082
"Complete | grid Sk''=50 MVA | DG in",632,633,81.1,81.1,100.0,0.770,0.72,93.1,5.059,6.73,75.2,branch,0.770,0.728,5.059,5.059
"Complete | grid Sk''=50 MVA | DG in",632,645,143.4,143.3,100.0,0.834,0.93,89.6,3.901,4.25,91.8,branch,0.834,0.712,3.901,3.878
"Complete | grid Sk''=50 MVA | DG in",632,671,479.0,478.2,99.8,0.379,1.08,35.1,3.147,4.52,69.6,branch,0.379,0.642,3.147,5.290
"Complete | grid Sk''=50 MVA | DG in",XFM1-HV,side,81.1,81.1,100.0,0.728,0.73,99.7,5.059,6.48,78.1,bus,0.068,0.728,0.000,5.059
"Complete | grid Sk''=50 MVA | DG in",XFM1-LV,side,706.3,704.7,99.8,0.693,0.59,82.5,17.037,18.76,90.8,branch,0.693,0.092,17.037,17.037
"Complete | grid Sk''=50 MVA | DG in",645,646,65.4,64.9,99.3,0.770,0.84,91.7,3.395,3.64,93.3,branch,0.770,0.712,3.395,3.395
"Complete | grid Sk''=50 MVA | DG in",671,692,229.8,229.3,99.8,0.318,0.78,40.8,3.146,3.69,85.3,branch,0.318,0.667,3.146,5.290
"Complete | grid Sk''=50 MVA | DG in",671,684,71.1,70.9,99.7,0.685,0.69,99.3,3.754,3.47,91.8,branch,0.685,0.642,3.754,3.718
"Complete | grid Sk''=50 MVA | DG in",671,680,0.0,0.0,100.0,0.665,0.59,87.3,4.252,6.25,68.0,branch,0.665,0.665,4.252,4.252
"Complete | grid Sk''=50 MVA | DG in",692,675,205.9,205.9,100.0,0.747,0.71,94.7,4.784,7.83,61.1,branch,0.747,0.667,4.784,4.784
"Complete | grid Sk''=50 MVA | DG in",684,611,71.1,70.8,99.5,0.704,0.63,88.3,2.094,1.93,91.5,branch,0.704,0.646,2.094,2.094
"Complete | grid Sk''=50 MVA | DG in",684,652,63.0,63.1,99.8,0.685,0.66,96.2,2.067,2.67,77.4,branch,0.685,0.642,2.067,2.067
"Complete | grid Sk''=50 MVA | DG out",RG60,632,587.6,587.1,99.9,1.053,1.24,84.9,4.347,5.41,80.3,branch,1.053,0.591,4.347,4.347
"Complete | grid Sk''=50 MVA | DG out",632,633,81.1,81.1,100.0,0.742,0.72,96.9,3.774,6.73,56.1,branch,0.742,0.701,3.774,3.774
"Complete | grid Sk''=50 MVA | DG out",632,645,143.4,143.3,100.0,0.819,0.93,88.1,3.020,4.25,71.1,branch,0.819,0.701,3.020,2.998
"Complete | grid Sk''=50 MVA | DG out",632,671,479.0,478.2,99.8,0.884,1.08,81.8,3.165,4.52,70.0,branch,0.884,0.591,3.165,3.164
"Complete | grid Sk''=50 MVA | DG out",XFM1-HV,side,81.1,81.1,100.0,0.701,0.73,96.0,3.774,6.48,58.2,bus,0.067,0.701,0.000,3.774
"Complete | grid Sk''=50 MVA | DG out",XFM1-LV,side,706.3,704.7,99.8,0.709,0.59,79.9,15.071,18.76,80.3,branch,0.709,0.090,15.071,15.071
"Complete | grid Sk''=50 MVA | DG out",645,646,65.4,64.9,99.3,0.757,0.84,90.2,2.700,3.64,74.2,branch,0.757,0.701,2.700,2.700
"Complete | grid Sk''=50 MVA | DG out",671,692,229.8,229.3,99.8,0.717,0.78,91.9,3.164,3.69,85.7,branch,0.717,0.619,3.164,3.164
"Complete | grid Sk''=50 MVA | DG out",671,684,71.1,70.9,99.7,0.631,0.69,91.5,2.404,3.47,69.3,branch,0.631,0.591,2.404,2.372
"Complete | grid Sk''=50 MVA | DG out",671,680,0.0,0.0,100.0,0.616,0.59,95.7,2.743,6.25,43.9,branch,0.616,0.616,2.743,2.743
"Complete | grid Sk''=50 MVA | DG out",692,675,205.9,205.9,100.0,0.717,0.71,99.1,2.940,7.83,37.5,branch,0.717,0.619,2.940,2.940
"Complete | grid Sk''=50 MVA | DG out",684,611,71.1,70.8,99.5,0.654,0.63,96.1,1.733,1.93,89.8,branch,0.654,0.599,1.733,1.733
"Complete | grid Sk''=50 MVA | DG out",684,652,63.0,63.1,99.8,0.631,0.66,95.7,1.725,2.67,64.6,branch,0.631,0.591,1.725,1.725
"Complete | grid Sk''=75 MVA | DG in",RG60,632,587.6,587.1,99.9,0.576,1.24,46.5,5.412,5.41,100.0,branch,0.576,0.648,5.412,7.175
"Complete | grid Sk''=75 MVA | DG in",632,633,81.1,81.1,100.0,0.779,0.72,91.8,5.774,6.73,85.8,branch,0.779,0.737,5.774,5.774
"Complete | grid Sk''=75 MVA | DG in",632,645,143.4,143.3,100.0,0.839,0.93,90.2,4.365,4.25,97.3,branch,0.839,0.716,4.365,4.344
"Complete | grid Sk''=75 MVA | DG in",632,671,479.0,478.2,99.8,0.393,1.08,36.3,3.674,4.52,81.3,branch,0.393,0.648,3.674,5.812
"Complete | grid Sk''=75 MVA | DG in",XFM1-HV,side,81.1,81.1,100.0,0.737,0.73,99.0,5.774,6.48,89.1,bus,0.068,0.737,0.000,5.774
"Complete | grid Sk''=75 MVA | DG in",XFM1-LV,side,706.3,704.7,99.8,0.693,0.59,82.6,17.818,18.76,95.0,branch,0.693,0.092,17.818,17.818
"Complete | grid Sk''=75 MVA | DG in",645,646,65.4,64.9,99.3,0.775,0.84,92.3,3.734,3.64,97.4,branch,0.775,0.716,3.734,3.734
"Complete | grid Sk''=75 MVA | DG in",671,692,229.8,229.3,99.8,0.311,0.78,39.9,3.673,3.69,99.5,branch,0.311,0.675,3.673,5.812
"Complete | grid Sk''=75 MVA | DG in",671,684,71.1,70.9,99.7,0.691,0.69,99.8,4.065,3.47,82.9,branch,0.691,0.648,4.065,4.030
"Complete | grid Sk''=75 MVA | DG in",671,680,0.0,0.0,100.0,0.673,0.59,85.9,4.582,6.25,73.3,branch,0.673,0.673,4.582,4.582
"Complete | grid Sk''=75 MVA | DG in",692,675,205.9,205.9,100.0,0.751,0.71,94.2,5.204,7.83,66.5,branch,0.751,0.675,5.204,5.204
"Complete | grid Sk''=75 MVA | DG in",684,611,71.1,70.8,99.5,0.712,0.63,87.0,2.221,1.93,84.9,branch,0.712,0.654,2.221,2.221
"Complete | grid Sk''=75 MVA | DG in",684,652,63.0,63.1,99.8,0.691,0.66,95.3,2.178,2.67,81.6,branch,0.691,0.648,2.178,2.178
"Complete | grid Sk''=75 MVA | DG out",RG60,632,587.6,587.1,99.9,1.069,1.24,86.2,5.432,5.41,99.6,branch,1.069,0.603,5.432,5.433
"Complete | grid Sk''=75 MVA | DG out",632,633,81.1,81.1,100.0,0.757,0.72,94.9,4.558,6.73,67.7,branch,0.757,0.715,4.558,4.558
"Complete | grid Sk''=75 MVA | DG out",632,645,143.4,143.3,100.0,0.828,0.93,89.0,3.546,4.25,83.4,branch,0.828,0.708,3.546,3.525
"Complete | grid Sk''=75 MVA | DG out",632,671,479.0,478.2,99.8,0.895,1.08,82.9,3.686,4.52,81.6,branch,0.895,0.603,3.686,3.685
"Complete | grid Sk''=75 MVA | DG out",XFM1-HV,side,81.1,81.1,100.0,0.715,0.73,97.9,4.558,6.48,70.3,bus,0.069,0.715,0.000,4.558
"Complete | grid Sk''=75 MVA | DG out",XFM1-LV,side,706.3,704.7,99.8,0.706,0.59,80.3,16.269,18.76,86.7,branch,0.706,0.091,16.269,16.269
"Complete | grid Sk''=75 MVA | DG out",645,646,65.4,64.9,99.3,0.765,0.84,91.1,3.111,3.64,85.5,branch,0.765,0.708,3.111,3.111
"Complete | grid Sk''=75 MVA | DG out",671,692,229.8,229.3,99.8,0.725,0.78,92.9,3.685,3.69,99.9,branch,0.725,0.632,3.685,3.685
"Complete | grid Sk''=75 MVA | DG out",671,684,71.1,70.9,99.7,0.643,0.69,93.2,2.738,3.47,78.9,branch,0.643,0.603,2.738,2.706
"Complete | grid Sk''=75 MVA | DG out",671,680,0.0,0.0,100.0,0.629,0.59,93.4,3.129,6.25,50.1,branch,0.629,0.629,3.129,3.129
"Complete | grid Sk''=75 MVA | DG out",692,675,205.9,205.9,100.0,0.725,0.71,97.9,3.386,7.83,43.2,branch,0.725,0.632,3.386,3.386
"Complete | grid Sk''=75 MVA | DG out",684,611,71.1,70.8,99.5,0.668,0.63,94.0,1.883,1.93,97.6,branch,0.668,0.612,1.883,1.883
"Complete | grid Sk''=75 MVA | DG out",684,652,63.0,63.1,99.8,0.643,0.66,97.5,1.864,2.67,69.8,branch,0.643,0.603,1.864,1.864
"Complete | grid Sk''=100 MVA | DG in",RG60,632,587.6,587.1,99.9,0.585,1.24,47.2,6.208,5.41,85.2,branch,0.585,0.650,6.208,7.971
"Complete | grid Sk''=100 MVA | DG in",632,633,81.1,81.1,100.0,0.784,0.72,91.1,6.263,6.73,93.1,branch,0.784,0.742,6.263,6.263
"Complete | grid Sk''=100 MVA | DG in",632,645,143.4,143.3,100.0,0.842,0.93,90.5,4.668,4.25,90.2,branch,0.842,0.718,4.668,4.648
"Complete | grid Sk''=100 MVA | DG in",632,671,479.0,478.2,99.8,0.400,1.08,37.0,4.015,4.52,88.8,branch,0.400,0.650,4.015,6.149
"Complete | grid Sk''=100 MVA | DG in",XFM1-HV,side,81.1,81.1,100.0,0.742,0.73,98.4,6.263,6.48,96.6,bus,0.069,0.742,0.000,6.263
"Complete | grid Sk''=100 MVA | DG in",XFM1-LV,side,706.3,704.7,99.8,0.692,0.59,82.7,18.284,18.76,97.5,branch,0.692,0.093,18.284,18.284
"Complete | grid Sk''=100 MVA | DG in",645,646,65.4,64.9,99.3,0.777,0.84,92.5,3.947,3.64,91.6,branch,0.777,0.718,3.947,3.947
"Complete | grid Sk''=100 MVA | DG in",671,692,229.8,229.3,99.8,0.308,0.78,39.4,4.013,3.69,91.2,branch,0.308,0.679,4.013,6.149
"Complete | grid Sk''=100 MVA | DG in",671,684,71.1,70.9,99.7,0.694,0.69,99.4,4.258,3.47,77.3,branch,0.694,0.650,4.258,4.223
"Complete | grid Sk''=100 MVA | DG in",671,680,0.0,0.0,100.0,0.678,0.59,85.2,4.788,6.25,76.6,branch,0.678,0.678,4.788,4.788
"Complete | grid Sk''=100 MVA | DG in",692,675,205.9,205.9,100.0,0.753,0.71,93.9,5.471,7.83,69.9,branch,0.753,0.679,5.471,5.471
"Complete | grid Sk''=100 MVA | DG in",684,611,71.1,70.8,99.5,0.716,0.63,86.4,2.293,1.93,81.2,branch,0.716,0.657,2.293,2.293
"Complete | grid Sk''=100 MVA | DG in",684,652,63.0,63.1,99.8,0.694,0.66,94.8,2.241,2.67,83.9,branch,0.694,0.650,2.241,2.241
"Complete | grid Sk''=100 MVA | DG out",RG60,632,587.6,587.1,99.9,1.076,1.24,86.8,6.225,5.41,84.9,branch,1.076,0.608,6.225,6.226
"Complete | grid Sk''=100 MVA | DG out",632,633,81.1,81.1,100.0,0.764,0.72,93.9,5.094,6.73,75.7,branch,0.764,0.721,5.094,5.094
"Complete | grid Sk''=100 MVA | DG out",632,645,143.4,143.3,100.0,0.832,0.93,89.5,3.891,4.25,91.5,branch,0.832,0.711,3.891,3.871
"Complete | grid Sk''=100 MVA | DG out",632,671,479.0,478.2,99.8,0.900,1.08,83.4,4.024,4.52,89.0,branch,0.900,0.608,4.024,4.023
"Complete | grid Sk''=100 MVA | DG out",XFM1-HV,side,81.1,81.1,100.0,0.721,0.73,98.8,5.094,6.48,78.6,bus,0.069,0.721,0.000,5.094
"Complete | grid Sk''=100 MVA | DG out",XFM1-LV,side,706.3,704.7,99.8,0.705,0.59,80.5,16.955,18.76,90.4,branch,0.705,0.091,16.955,16.955
"Complete | grid Sk''=100 MVA | DG out",645,646,65.4,64.9,99.3,0.768,0.84,91.5,3.370,3.64,92.6,branch,0.768,0.711,3.370,3.370
"Complete | grid Sk''=100 MVA | DG out",671,692,229.8,229.3,99.8,0.729,0.78,93.5,4.023,3.69,91.0,branch,0.729,0.638,4.023,4.023
"Complete | grid Sk''=100 MVA | DG out",671,684,71.1,70.9,99.7,0.649,0.69,94.1,2.947,3.47,84.9,branch,0.649,0.608,2.947,2.915
"Complete | grid Sk''=100 MVA | DG out",671,680,0.0,0.0,100.0,0.636,0.59,92.2,3.370,6.25,53.9,branch,0.636,0.636,3.370,3.370
"Complete | grid Sk''=100 MVA | DG out",692,675,205.9,205.9,100.0,0.729,0.71,97.3,3.671,7.83,46.9,branch,0.729,0.638,3.671,3.671
"Complete | grid Sk''=100 MVA | DG out",684,611,71.1,70.8,99.5,0.674,0.63,92.9,1.969,1.93,98.0,branch,0.674,0.618,1.969,1.969
"Complete | grid Sk''=100 MVA | DG out",684,652,63.0,63.1,99.8,0.649,0.66,98.4,1.943,2.67,72.8,branch,0.649,0.608,1.943,1.943
"Complete | grid Sk''=150 MVA | DG in",RG60,632,587.6,587.1,99.9,0.594,1.24,47.9,7.290,5.41,65.2,branch,0.594,0.653,7.290,9.051
"Complete | grid Sk''=150 MVA | DG in",632,633,81.1,81.1,100.0,0.789,0.72,90.5,6.884,6.73,97.7,branch,0.789,0.746,6.884,6.884
"Complete | grid Sk''=150 MVA | DG in",632,645,143.4,143.3,100.0,0.845,0.93,90.8,5.039,4.25,81.4,branch,0.845,0.720,5.039,5.020
"Complete | grid Sk''=150 MVA | DG in",632,671,479.0,478.2,99.8,0.408,1.08,37.8,4.428,4.52,98.0,branch,0.408,0.653,4.428,6.556
"Complete | grid Sk''=150 MVA | DG in",XFM1-HV,side,81.1,81.1,100.0,0.746,0.73,97.8,6.884,6.48,93.8,bus,0.069,0.746,0.000,6.884
"Complete | grid Sk''=150 MVA | DG in",XFM1-LV,side,706.3,704.7,99.8,0.692,0.59,82.7,18.813,18.76,99.7,branch,0.692,0.093,18.813,18.813
"Complete | grid Sk''=150 MVA | DG in",645,646,65.4,64.9,99.3,0.780,0.84,92.8,4.200,3.64,84.6,branch,0.780,0.720,4.200,4.200
"Complete | grid Sk''=150 MVA | DG in",671,692,229.8,229.3,99.8,0.303,0.78,38.9,4.427,3.69,80.0,branch,0.303,0.683,4.427,6.556
"Complete | grid Sk''=150 MVA | DG in",671,684,71.1,70.9,99.7,0.697,0.69,98.9,4.484,3.47,70.8,branch,0.697,0.653,4.484,4.450
"Complete | grid Sk''=150 MVA | DG in",671,680,0.0,0.0,100.0,0.682,0.59,84.4,5.031,6.25,80.5,branch,0.682,0.682,5.031,5.031
"Complete | grid Sk''=150 MVA | DG in",692,675,205.9,205.9,100.0,0.755,0.71,93.6,5.791,7.83,74.0,branch,0.755,0.683,5.791,5.791
"Complete | grid Sk''=150 MVA | DG in",684,611,71.1,70.8,99.5,0.720,0.63,85.7,2.373,1.93,77.1,branch,0.720,0.661,2.373,2.373
"Complete | grid Sk''=150 MVA | DG in",684,652,63.0,63.1,99.8,0.697,0.66,94.3,2.310,2.67,86.5,branch,0.697,0.653,2.310,2.310
"Complete | grid Sk''=150 MVA | DG out",RG60,632,587.6,587.1,99.9,1.084,1.24,87.4,7.303,5.41,65.0,branch,1.084,0.614,7.303,7.304
"Complete | grid Sk''=150 MVA | DG out",632,633,81.1,81.1,100.0,0.770,0.72,93.0,5.778,6.73,85.9,branch,0.770,0.727,5.778,5.778
"Complete | grid Sk''=150 MVA | DG out",632,645,143.4,143.3,100.0,0.836,0.93,89.9,4.312,4.25,98.5,branch,0.836,0.714,4.312,4.294
"Complete | grid Sk''=150 MVA | DG out",632,671,479.0,478.2,99.8,0.906,1.08,83.9,4.434,4.52,98.1,branch,0.906,0.614,4.434,4.433
"Complete | grid Sk''=150 MVA | DG out",XFM1-HV,side,81.1,81.1,100.0,0.727,0.73,99.6,5.778,6.48,89.2,bus,0.070,0.727,0.000,5.778
"Complete | grid Sk''=150 MVA | DG out",XFM1-LV,side,706.3,704.7,99.8,0.704,0.59,80.7,17.710,18.76,94.4,branch,0.704,0.091,17.710,17.710
"Complete | grid Sk''=150 MVA | DG out",645,646,65.4,64.9,99.3,0.772,0.84,91.9,3.676,3.64,99.0,branch,0.772,0.714,3.676,3.676
"Complete | grid Sk''=150 MVA | DG out",671,692,229.8,229.3,99.8,0.733,0.78,94.0,4.433,3.69,79.9,branch,0.733,0.645,4.433,4.433
"Complete | grid Sk''=150 MVA | DG out",671,684,71.1,70.9,99.7,0.655,0.69,94.9,3.192,3.47,92.0,branch,0.655,0.614,3.192,3.160
"Complete | grid Sk''=150 MVA | DG out",671,680,0.0,0.0,100.0,0.643,0.59,91.1,3.655,6.25,58.5,branch,0.643,0.643,3.655,3.655
"Complete | grid Sk''=150 MVA | DG out",692,675,205.9,205.9,100.0,0.733,0.71,96.8,4.014,7.83,51.3,branch,0.733,0.645,4.014,4.014
"Complete | grid Sk''=150 MVA | DG out",684,611,71.1,70.8,99.5,0.681,0.63,91.9,2.064,1.93,93.0,branch,0.681,0.624,2.064,2.064
"Complete | grid Sk''=150 MVA | DG out",684,652,63.0,63.1,99.8,0.655,0.66,99.2,2.029,2.67,76.0,branch,0.655,0.614,2.029,2.029
"Complete | grid Sk''=300 MVA | DG in",RG60,632,587.6,587.1,99.9,0.604,1.24,48.7,8.838,5.41,36.6,branch,0.604,0.656,8.838,10.592
"Complete | grid Sk''=300 MVA | DG in",632,633,81.1,81.1,100.0,0.793,0.72,89.8,7.698,6.73,85.6,branch,0.793,0.750,7.698,7.698
"Complete | grid Sk''=300 MVA | DG in",632,645,143.4,143.3,100.0,0.847,0.93,91.1,5.501,4.25,70.6,branch,0.847,0.722,5.501,5.484
"Complete | grid Sk''=300 MVA | DG in",632,671,479.0,478.2,99.8,0.416,1.08,38.6,4.940,4.52,90.7,branch,0.416,0.656,4.940,7.057
"Complete | grid Sk''=300 MVA | DG in",XFM1-HV,side,81.1,81.1,100.0,0.750,0.73,97.2,7.698,6.48,81.2,bus,0.070,0.750,0.000,7.698
"Complete | grid Sk''=300 MVA | DG in",XFM1-LV,side,706.3,704.7,99.8,0.691,0.59,82.8,19.420,18.76,96.5,branch,0.691,0.093,19.420,19.420
"Complete | grid Sk''=300 MVA | DG in",645,646,65.4,64.9,99.3,0.782,0.84,93.1,4.503,3.64,76.3,branch,0.782,0.722,4.503,4.503
"Complete | grid Sk''=300 MVA | DG in",671,692,229.8,229.3,99.8,0.299,0.78,38.3,4.938,3.69,66.2,branch,0.299,0.687,4.938,7.057
"Complete | grid Sk''=300 MVA | DG in",671,684,71.1,70.9,99.7,0.701,0.69,98.5,4.752,3.47,63.0,branch,0.701,0.656,4.752,4.718
"Complete | grid Sk''=300 MVA | DG in",671,680,0.0,0.0,100.0,0.686,0.59,83.7,5.320,6.25,85.1,branch,0.686,0.686,5.320,5.320
"Complete | grid Sk''=300 MVA | DG in",692,675,205.9,205.9,100.0,0.757,0.71,93.4,6.180,7.83,78.9,branch,0.757,0.687,6.180,6.180
"Complete | grid Sk''=300 MVA | DG in",684,611,71.1,70.8,99.5,0.724,0.63,85.1,2.460,1.93,72.5,branch,0.724,0.665,2.460,2.460
"Complete | grid Sk''=300 MVA | DG in",684,652,63.0,63.1,99.8,0.701,0.66,93.8,2.385,2.67,89.3,branch,0.701,0.656,2.385,2.385
"Complete | grid Sk''=300 MVA | DG out",RG60,632,587.6,587.1,99.9,1.091,1.24,88.0,8.845,5.41,36.5,branch,1.091,0.619,8.845,8.847
"Complete | grid Sk''=300 MVA | DG out",632,633,81.1,81.1,100.0,0.777,0.72,92.1,6.674,6.73,99.2,branch,0.777,0.733,6.674,6.674
"Complete | grid Sk''=300 MVA | DG out",632,645,143.4,143.3,100.0,0.840,0.93,90.3,4.837,4.25,86.2,branch,0.840,0.717,4.837,4.820
"Complete | grid Sk''=300 MVA | DG out",632,671,479.0,478.2,99.8,0.911,1.08,84.3,4.943,4.52,90.6,branch,0.911,0.619,4.943,4.941
"Complete | grid Sk''=300 MVA | DG out",XFM1-HV,side,81.1,81.1,100.0,0.733,0.73,99.5,6.674,6.48,97.0,bus,0.070,0.733,0.000,6.674
"Complete | grid Sk''=300 MVA | DG out",XFM1-LV,side,706.3,704.7,99.8,0.703,0.59,80.9,18.541,18.76,98.8,branch,0.703,0.091,18.541,18.541
"Complete | grid Sk''=300 MVA | DG out",645,646,65.4,64.9,99.3,0.775,0.84,92.3,4.041,3.64,89.0,branch,0.775,0.717,4.041,4.041
"Complete | grid Sk''=300 MVA | DG out",671,692,229.8,229.3,99.8,0.737,0.78,94.4,4.941,3.69,66.1,branch,0.737,0.651,4.941,4.941
"Complete | grid Sk''=300 MVA | DG out",671,684,71.1,70.9,99.7,0.661,0.69,95.8,3.485,3.47,99.6,branch,0.661,0.619,3.485,3.453
"Complete | grid Sk''=300 MVA | DG out",671,680,0.0,0.0,100.0,0.649,0.59,90.0,3.995,6.25,63.9,branch,0.649,0.649,3.995,3.995
"Complete | grid Sk''=300 MVA | DG out",692,675,205.9,205.9,100.0,0.737,0.71,96.3,4.431,7.83,56.6,branch,0.737,0.651,4.431,4.431
"Complete | grid Sk''=300 MVA | DG out",684,611,71.1,70.8,99.5,0.687,0.63,90.9,2.169,1.93,87.6,branch,0.687,0.630,2.169,2.169
"Complete | grid Sk''=300 MVA | DG out",684,652,63.0,63.1,99.8,0.661,0.66,99.9,2.122,2.67,79.5,branch,0.661,0.619,2.122,2.122
