study,case,location,fault,Rf,DG,DG_pct,device,I_A
loadflow,,,,0.00,0,100,R1,587.6
loadflow,,,,0.00,0,100,R2,470.9
loadflow,,,,0.00,1,100,R1,289.2
loadflow,,,,0.00,1,100,R2,257.8
case,Fig8,611,LG,0.00,1,100,R1,2011.3
case,Fig8,611,LG,0.00,1,100,R2,1903.8
case,Fig8,611,LG,0.00,1,100,F-DL,6.9
case,Fig8,611,LG,0.00,1,100,F-DL-2,7.0
case,Fig8,611,LG,0.00,1,100,F-DL-3,7.2
case,Fig8,611,LG,0.00,1,100,F-DL-4,7.4
case,Fig8,611,LG,0.00,1,100,F-DL-5,7.1
case,Fig8,611,LG,0.00,1,100,F611,0.0
case,Fig8,611,LG,0.00,1,100,F632,152.0
case,Fig8,611,LG,0.00,1,100,F633,86.6
case,Fig8,611,LG,0.00,1,100,F634,764.7
case,Fig8,611,LG,0.00,1,100,F645,94.8
case,Fig8,611,LG,0.00,1,100,F646,59.9
case,Fig8,611,LG,0.00,1,100,F652,82.2
case,Fig8,611,LG,0.00,1,100,F671,0.0
case,Fig8,611,LG,0.00,1,100,F671-1,657.8
case,Fig8,611,LG,0.00,1,100,F671-2,2372.9
case,Fig8,611,LG,0.00,1,100,F675,264.0
case,Fig8,611,LG,0.00,1,100,F684,2372.9
case,Fig8,611,LG,0.00,1,100,F692,43.1
case,Fig8,611,LG,0.00,1,100,F692-R,245.9
case,Fig9,LC692-675@50%,LLG,1.00,1,100,R1,1612.8
case,Fig9,LC692-675@50%,LLG,1.00,1,100,R2,1542.4
case,Fig9,LC692-675@50%,LLG,1.00,1,100,F-DL,9.3
case,Fig9,LC692-675@50%,LLG,1.00,1,100,F-DL-2,9.1
case,Fig9,LC692-675@50%,LLG,1.00,1,100,F-DL-3,8.7
case,Fig9,LC692-675@50%,LLG,1.00,1,100,F-DL-4,8.5
case,Fig9,LC692-675@50%,LLG,1.00,1,100,F-DL-5,8.9
case,Fig9,LC692-675@50%,LLG,1.00,1,100,F611,57.4
case,Fig9,LC692-675@50%,LLG,1.00,1,100,F632,157.0
case,Fig9,LC692-675@50%,LLG,1.00,1,100,F633,71.6
case,Fig9,LC692-675@50%,LLG,1.00,1,100,F634,604.5
case,Fig9,LC692-675@50%,LLG,1.00,1,100,F645,94.5
case,Fig9,LC692-675@50%,LLG,1.00,1,100,F646,67.4
case,Fig9,LC692-675@50%,LLG,1.00,1,100,F652,54.4
case,Fig9,LC692-675@50%,LLG,1.00,1,100,F671,0.0
case,Fig9,LC692-675@50%,LLG,1.00,1,100,F671-1,1358.7
case,Fig9,LC692-675@50%,LLG,1.00,1,100,F671-2,54.4
case,Fig9,LC692-675@50%,LLG,1.00,1,100,F675,173.3
case,Fig9,LC692-675@50%,LLG,1.00,1,100,F684,52.3
case,Fig9,LC692-675@50%,LLG,1.00,1,100,F692,46.3
case,Fig9,LC692-675@50%,LLG,1.00,1,100,F692-R,2176.9
case,Fig10,684,LL,0.20,1,100,R1,2918.5
case,Fig10,684,LL,0.20,1,100,R2,2890.0
case,Fig10,684,LL,0.20,1,100,F-DL,8.8
case,Fig10,684,LL,0.20,1,100,F-DL-2,8.6
case,Fig10,684,LL,0.20,1,100,F-DL-3,8.5
case,Fig10,684,LL,0.20,1,100,F-DL-4,8.4
case,Fig10,684,LL,0.20,1,100,F-DL-5,8.6
case,Fig10,684,LL,0.20,1,100,F611,51.2
case,Fig10,684,LL,0.20,1,100,F632,150.9
case,Fig10,684,LL,0.20,1,100,F633,63.3
case,Fig10,684,LL,0.20,1,100,F634,547.0
case,Fig10,684,LL,0.20,1,100,F645,88.0
case,Fig10,684,LL,0.20,1,100,F646,66.0
case,Fig10,684,LL,0.20,1,100,F652,24.5
case,Fig10,684,LL,0.20,1,100,F671,0.0
case,Fig10,684,LL,0.20,1,100,F671-1,1505.5
case,Fig10,684,LL,0.20,1,100,F671-2,4082.5
case,Fig10,684,LL,0.20,1,100,F675,111.7
case,Fig10,684,LL,0.20,1,100,F684,46.6
case,Fig10,684,LL,0.20,1,100,F692,19.4
case,Fig10,684,LL,0.20,1,100,F692-R,90.2
case,Fig11,646,LL,1.00,1,100,R1,2119.5
case,Fig11,646,LL,1.00,1,100,R2,694.5
case,Fig11,646,LL,1.00,1,100,F-DL,8.0
case,Fig11,646,LL,1.00,1,100,F-DL-2,8.2
case,Fig11,646,LL,1.00,1,100,F-DL-3,8.4
case,Fig11,646,LL,1.00,1,100,F-DL-4,8.5
case,Fig11,646,LL,1.00,1,100,F-DL-5,8.3
case,Fig11,646,LL,1.00,1,100,F611,60.0
case,Fig11,646,LL,1.00,1,100,F632,2469.0
case,Fig11,646,LL,1.00,1,100,F633,78.4
case,Fig11,646,LL,1.00,1,100,F634,683.2
case,Fig11,646,LL,1.00,1,100,F645,76.1
case,Fig11,646,LL,1.00,1,100,F646,2431.7
case,Fig11,646,LL,1.00,1,100,F652,64.6
case,Fig11,646,LL,1.00,1,100,F671,0.0
case,Fig11,646,LL,1.00,1,100,F671-1,831.0
case,Fig11,646,LL,1.00,1,100,F671-2,64.6
case,Fig11,646,LL,1.00,1,100,F675,211.6
case,Fig11,646,LL,1.00,1,100,F684,54.6
case,Fig11,646,LL,1.00,1,100,F692,47.1
case,Fig11,646,LL,1.00,1,100,F692-R,197.2
case,Fig12,645,LL,1.50,1,100,R1,1876.1
case,Fig12,645,LL,1.50,1,100,R2,645.0
case,Fig12,645,LL,1.50,1,100,F-DL,8.5
case,Fig12,645,LL,1.50,1,100,F-DL-2,8.7
case,Fig12,645,LL,1.50,1,100,F-DL-3,8.9
case,Fig12,645,LL,1.50,1,100,F-DL-4,9.0
case,Fig12,645,LL,1.50,1,100,F-DL-5,8.8
case,Fig12,645,LL,1.50,1,100,F611,63.0
case,Fig12,645,LL,1.50,1,100,F632,2164.2
case,Fig12,645,LL,1.50,1,100,F633,78.5
case,Fig12,645,LL,1.50,1,100,F634,683.6
case,Fig12,645,LL,1.50,1,100,F645,80.1
case,Fig12,645,LL,1.50,1,100,F646,47.8
case,Fig12,645,LL,1.50,1,100,F652,64.6
case,Fig12,645,LL,1.50,1,100,F671,0.0
case,Fig12,645,LL,1.50,1,100,F671-1,779.4
case,Fig12,645,LL,1.50,1,100,F671-2,64.6
case,Fig12,645,LL,1.50,1,100,F675,211.6
case,Fig12,645,LL,1.50,1,100,F684,57.4
case,Fig12,645,LL,1.50,1,100,F692,47.9
case,Fig12,645,LL,1.50,1,100,F692-R,197.1
case,Fig13,LOHL632-633@10%,LLL,0.00,1,100,R1,7077.7
case,Fig13,LOHL632-633@10%,LLL,0.00,1,100,R2,1735.3
case,Fig13,LOHL632-633@10%,LLL,0.00,1,100,F-DL,0.8
case,Fig13,LOHL632-633@10%,LLL,0.00,1,100,F-DL-2,1.1
case,Fig13,LOHL632-633@10%,LLL,0.00,1,100,F-DL-3,1.7
case,Fig13,LOHL632-633@10%,LLL,0.00,1,100,F-DL-4,2.1
case,Fig13,LOHL632-633@10%,LLL,0.00,1,100,F-DL-5,1.4
case,Fig13,LOHL632-633@10%,LLL,0.00,1,100,F611,16.6
case,Fig13,LOHL632-633@10%,LLL,0.00,1,100,F632,4.7
case,Fig13,LOHL632-633@10%,LLL,0.00,1,100,F633,8780.4
case,Fig13,LOHL632-633@10%,LLL,0.00,1,100,F634,1.7
case,Fig13,LOHL632-633@10%,LLL,0.00,1,100,F645,2.7
case,Fig13,LOHL632-633@10%,LLL,0.00,1,100,F646,2.3
case,Fig13,LOHL632-633@10%,LLL,0.00,1,100,F652,12.9
case,Fig13,LOHL632-633@10%,LLL,0.00,1,100,F671,0.0
case,Fig13,LOHL632-633@10%,LLL,0.00,1,100,F671-1,1762.3
case,Fig13,LOHL632-633@10%,LLL,0.00,1,100,F671-2,15.2
case,Fig13,LOHL632-633@10%,LLL,0.00,1,100,F675,42.4
case,Fig13,LOHL632-633@10%,LLL,0.00,1,100,F684,15.2
case,Fig13,LOHL632-633@10%,LLL,0.00,1,100,F692,11.4
case,Fig13,LOHL632-633@10%,LLL,0.00,1,100,F692-R,39.5
case,Fig15-16,646,LL,0.00,1,100,R1,3498.4
case,Fig15-16,646,LL,0.00,1,100,R2,970.3
case,Fig15-16,646,LL,0.00,1,100,F-DL,5.8
case,Fig15-16,646,LL,0.00,1,100,F-DL-2,6.0
case,Fig15-16,646,LL,0.00,1,100,F-DL-3,6.3
case,Fig15-16,646,LL,0.00,1,100,F-DL-4,6.5
case,Fig15-16,646,LL,0.00,1,100,F-DL-5,6.1
case,Fig15-16,646,LL,0.00,1,100,F611,46.4
case,Fig15-16,646,LL,0.00,1,100,F632,4229.2
case,Fig15-16,646,LL,0.00,1,100,F633,78.8
case,Fig15-16,646,LL,0.00,1,100,F634,684.9
case,Fig15-16,646,LL,0.00,1,100,F645,50.2
case,Fig15-16,646,LL,0.00,1,100,F646,4200.1
case,Fig15-16,646,LL,0.00,1,100,F652,64.9
case,Fig15-16,646,LL,0.00,1,100,F671,0.0
case,Fig15-16,646,LL,0.00,1,100,F671-1,1100.4
case,Fig15-16,646,LL,0.00,1,100,F671-2,64.9
case,Fig15-16,646,LL,0.00,1,100,F675,212.7
case,Fig15-16,646,LL,0.00,1,100,F684,42.3
case,Fig15-16,646,LL,0.00,1,100,F692,45.6
case,Fig15-16,646,LL,0.00,1,100,F692-R,198.1
sweep,,632,LG,0.00,1,100,R1,4461.1
sweep,,632,LG,0.00,1,100,R2,569.2
sweep,,632,LG,0.00,1,100,F-DL,13.8
sweep,,632,LG,0.00,1,100,F-DL-2,14.0
sweep,,632,LG,0.00,1,100,F-DL-3,14.5
sweep,,632,LG,0.00,1,100,F-DL-4,14.8
sweep,,632,LG,0.00,1,100,F-DL-5,14.3
sweep,,632,LG,0.00,1,100,F611,104.1
sweep,,632,LG,0.00,1,100,F632,152.5
sweep,,632,LG,0.00,1,100,F633,96.6
sweep,,632,LG,0.00,1,100,F634,684.7
sweep,,632,LG,0.00,1,100,F645,101.2
sweep,,632,LG,0.00,1,100,F646,66.8
sweep,,632,LG,0.00,1,100,F652,7.6
sweep,,632,LG,0.00,1,100,F671,0.0
sweep,,632,LG,0.00,1,100,F671-1,688.3
sweep,,632,LG,0.00,1,100,F671-2,94.9
sweep,,632,LG,0.00,1,100,F675,199.4
sweep,,632,LG,0.00,1,100,F684,94.9
sweep,,632,LG,0.00,1,100,F692,42.7
sweep,,632,LG,0.00,1,100,F692-R,161.1
sweep,,632,LL,0.00,1,100,R1,6493.5
sweep,,632,LL,0.00,1,100,R2,1373.0
sweep,,632,LL,0.00,1,100,F-DL,11.3
sweep,,632,LL,0.00,1,100,F-DL-2,11.4
sweep,,632,LL,0.00,1,100,F-DL-3,11.6
sweep,,632,LL,0.00,1,100,F-DL-4,11.7
sweep,,632,LL,0.00,1,100,F-DL-5,11.5
sweep,,632,LL,0.00,1,100,F611,81.9
sweep,,632,LL,0.00,1,100,F632,99.7
sweep,,632,LL,0.00,1,100,F633,63.6
sweep,,632,LL,0.00,1,100,F634,550.1
sweep,,632,LL,0.00,1,100,F645,42.4
sweep,,632,LL,0.00,1,100,F646,57.4
sweep,,632,LL,0.00,1,100,F652,35.6
sweep,,632,LL,0.00,1,100,F671,0.0
sweep,,632,LL,0.00,1,100,F671-1,1485.3
sweep,,632,LL,0.00,1,100,F671-2,74.6
sweep,,632,LL,0.00,1,100,F675,156.8
sweep,,632,LL,0.00,1,100,F684,74.6
sweep,,632,LL,0.00,1,100,F692,49.4
sweep,,632,LL,0.00,1,100,F692-R,126.7
sweep,,632,LLG,0.00,1,100,R1,6713.1
sweep,,632,LLG,0.00,1,100,R2,1499.7
sweep,,632,LLG,0.00,1,100,F-DL,13.8
sweep,,632,LLG,0.00,1,100,F-DL-2,14.0
sweep,,632,LLG,0.00,1,100,F-DL-3,14.5
sweep,,632,LLG,0.00,1,100,F-DL-4,14.7
sweep,,632,LLG,0.00,1,100,F-DL-5,14.3
sweep,,632,LLG,0.00,1,100,F611,104.0
sweep,,632,LLG,0.00,1,100,F632,54.5
sweep,,632,LLG,0.00,1,100,F633,86.9
sweep,,632,LLG,0.00,1,100,F634,686.0
sweep,,632,LLG,0.00,1,100,F645,5.6
sweep,,632,LLG,0.00,1,100,F646,49.0
sweep,,632,LLG,0.00,1,100,F652,11.9
sweep,,632,LLG,0.00,1,100,F671,0.0
sweep,,632,LLG,0.00,1,100,F671-1,1590.3
sweep,,632,LLG,0.00,1,100,F671-2,94.7
sweep,,632,LLG,0.00,1,100,F675,198.8
sweep,,632,LLG,0.00,1,100,F684,94.7
sweep,,632,LLG,0.00,1,100,F692,43.6
sweep,,632,LLG,0.00,1,100,F692-R,160.6
sweep,,632,LLL,0.00,1,100,R1,7290.1
sweep,,632,LLL,0.00,1,100,R2,1787.9
sweep,,632,LLL,0.00,1,100,F-DL,0.4
sweep,,632,LLL,0.00,1,100,F-DL-2,0.7
sweep,,632,LLL,0.00,1,100,F-DL-3,1.4
sweep,,632,LLL,0.00,1,100,F-DL-4,1.7
sweep,,632,LLL,0.00,1,100,F-DL-5,1.0
sweep,,632,LLL,0.00,1,100,F611,14.5
sweep,,632,LLL,0.00,1,100,F632,0.5
sweep,,632,LLL,0.00,1,100,F633,0.3
sweep,,632,LLL,0.00,1,100,F634,2.0
sweep,,632,LLL,0.00,1,100,F645,0.5
sweep,,632,LLL,0.00,1,100,F646,0.0
sweep,,632,LLL,0.00,1,100,F652,11.2
sweep,,632,LLL,0.00,1,100,F671,0.0
sweep,,632,LLL,0.00,1,100,F671-1,1809.4
sweep,,632,LLL,0.00,1,100,F671-2,13.2
sweep,,632,LLL,0.00,1,100,F675,36.6
sweep,,632,LLL,0.00,1,100,F684,13.2
sweep,,632,LLL,0.00,1,100,F692,9.9
sweep,,632,LLL,0.00,1,100,F692-R,34.1
sweep,,633,LG,0.00,1,100,R1,3656.6
sweep,,633,LG,0.00,1,100,R2,443.3
sweep,,633,LG,0.00,1,100,F-DL,13.3
sweep,,633,LG,0.00,1,100,F-DL-2,13.4
sweep,,633,LG,0.00,1,100,F-DL-3,13.7
sweep,,633,LG,0.00,1,100,F-DL-4,13.9
sweep,,633,LG,0.00,1,100,F-DL-5,13.6
sweep,,633,LG,0.00,1,100,F611,97.3
sweep,,633,LG,0.00,1,100,F632,154.3
sweep,,633,LG,0.00,1,100,F633,4062.6
sweep,,633,LG,0.00,1,100,F634,671.1
sweep,,633,LG,0.00,1,100,F645,102.2
sweep,,633,LG,0.00,1,100,F646,66.7
sweep,,633,LG,0.00,1,100,F652,18.3
sweep,,633,LG,0.00,1,100,F671,0.0
sweep,,633,LG,0.00,1,100,F671-1,592.9
sweep,,633,LG,0.00,1,100,F671-2,88.6
sweep,,633,LG,0.00,1,100,F675,186.4
sweep,,633,LG,0.00,1,100,F684,88.6
sweep,,633,LG,0.00,1,100,F692,45.6
sweep,,633,LG,0.00,1,100,F692-R,150.6
sweep,,633,LL,0.00,1,100,R1,4894.6
sweep,,633,LL,0.00,1,100,R2,1014.4
sweep,,633,LL,0.00,1,100,F-DL,11.2
sweep,,633,LL,0.00,1,100,F-DL-2,11.3
sweep,,633,LL,0.00,1,100,F-DL-3,11.5
sweep,,633,LL,0.00,1,100,F-DL-4,11.6
sweep,,633,LL,0.00,1,100,F-DL-5,11.4
sweep,,633,LL,0.00,1,100,F611,81.0
sweep,,633,LL,0.00,1,100,F632,92.3
sweep,,633,LL,0.00,1,100,F633,5901.3
sweep,,633,LL,0.00,1,100,F634,540.7
sweep,,633,LL,0.00,1,100,F645,40.0
sweep,,633,LL,0.00,1,100,F646,54.6
sweep,,633,LL,0.00,1,100,F652,44.0
sweep,,633,LL,0.00,1,100,F671,0.0
sweep,,633,LL,0.00,1,100,F671-1,1160.5
sweep,,633,LL,0.00,1,100,F671-2,73.8
sweep,,633,LL,0.00,1,100,F675,155.1
sweep,,633,LL,0.00,1,100,F684,73.8
sweep,,633,LL,0.00,1,100,F692,52.0
sweep,,633,LL,0.00,1,100,F692-R,134.6
sweep,,633,LLG,0.00,1,100,R1,5074.0
sweep,,633,LLG,0.00,1,100,R2,1105.4
sweep,,633,LLG,0.00,1,100,F-DL,13.6
sweep,,633,LLG,0.00,1,100,F-DL-2,13.7
sweep,,633,LLG,0.00,1,100,F-DL-3,14.0
sweep,,633,LLG,0.00,1,100,F-DL-4,14.2
sweep,,633,LLG,0.00,1,100,F-DL-5,13.9
sweep,,633,LLG,0.00,1,100,F611,99.3
sweep,,633,LLG,0.00,1,100,F632,55.2
sweep,,633,LLG,0.00,1,100,F633,6133.0
sweep,,633,LLG,0.00,1,100,F634,682.1
sweep,,633,LLG,0.00,1,100,F645,20.4
sweep,,633,LLG,0.00,1,100,F646,48.0
sweep,,633,LLG,0.00,1,100,F652,25.1
sweep,,633,LLG,0.00,1,100,F671,0.0
sweep,,633,LLG,0.00,1,100,F671-1,1237.8
sweep,,633,LLG,0.00,1,100,F671-2,90.5
sweep,,633,LLG,0.00,1,100,F675,190.0
sweep,,633,LLG,0.00,1,100,F684,90.5
sweep,,633,LLG,0.00,1,100,F692,47.1
sweep,,633,LLG,0.00,1,100,F692-R,153.5
sweep,,633,LLL,0.00,1,100,R1,5587.4
sweep,,633,LLL,0.00,1,100,R2,1367.9
sweep,,633,LLL,0.00,1,100,F-DL,3.3
sweep,,633,LLL,0.00,1,100,F-DL-2,3.5
sweep,,633,LLL,0.00,1,100,F-DL-3,4.1
sweep,,633,LLL,0.00,1,100,F-DL-4,4.3
sweep,,633,LLL,0.00,1,100,F-DL-5,3.8
sweep,,633,LLL,0.00,1,100,F611,31.9
sweep,,633,LLL,0.00,1,100,F632,39.0
sweep,,633,LLL,0.00,1,100,F633,6884.5
sweep,,633,LLL,0.00,1,100,F634,0.0
sweep,,633,LLL,0.00,1,100,F645,23.1
sweep,,633,LLL,0.00,1,100,F646,18.0
sweep,,633,LLL,0.00,1,100,F652,25.1
sweep,,633,LLL,0.00,1,100,F671,0.0
sweep,,633,LLL,0.00,1,100,F671-1,1433.0
sweep,,633,LLL,0.00,1,100,F671-2,29.1
sweep,,633,LLL,0.00,1,100,F675,82.3
sweep,,633,LLL,0.00,1,100,F684,29.1
sweep,,633,LLL,0.00,1,100,F692,21.5
sweep,,633,LLL,0.00,1,100,F692-R,76.7
sweep,,634,LG,0.00,1,100,R1,1641.9
sweep,,634,LG,0.00,1,100,R2,342.9
sweep,,634,LG,0.00,1,100,F-DL,11.7
sweep,,634,LG,0.00,1,100,F-DL-2,11.8
sweep,,634,LG,0.00,1,100,F-DL-3,11.9
sweep,,634,LG,0.00,1,100,F-DL-4,12.0
sweep,,634,LG,0.00,1,100,F-DL-5,11.9
sweep,,634,LG,0.00,1,100,F611,83.5
sweep,,634,LG,0.00,1,100,F632,106.8
sweep,,634,LG,0.00,1,100,F633,1793.9
sweep,,634,LG,0.00,1,100,F634,15645.4
sweep,,634,LG,0.00,1,100,F645,56.5
sweep,,634,LG,0.00,1,100,F646,57.9
sweep,,634,LG,0.00,1,100,F652,70.8
sweep,,634,LG,0.00,1,100,F671,0.0
sweep,,634,LG,0.00,1,100,F671-1,500.4
sweep,,634,LG,0.00,1,100,F671-2,76.1
sweep,,634,LG,0.00,1,100,F675,232.2
sweep,,634,LG,0.00,1,100,F684,76.1
sweep,,634,LG,0.00,1,100,F692,54.7
sweep,,634,LG,0.00,1,100,F692-R,216.3
sweep,,634,LL,0.00,1,100,R1,1662.9
sweep,,634,LL,0.00,1,100,R2,312.4
sweep,,634,LL,0.00,1,100,F-DL,11.1
sweep,,634,LL,0.00,1,100,F-DL-2,11.1
sweep,,634,LL,0.00,1,100,F-DL-3,11.3
sweep,,634,LL,0.00,1,100,F-DL-4,11.3
sweep,,634,LL,0.00,1,100,F-DL-5,11.2
sweep,,634,LL,0.00,1,100,F611,79.0
sweep,,634,LL,0.00,1,100,F632,123.1
sweep,,634,LL,0.00,1,100,F633,1888.9
sweep,,634,LL,0.00,1,100,F634,16372.3
sweep,,634,LL,0.00,1,100,F645,68.9
sweep,,634,LL,0.00,1,100,F646,60.9
sweep,,634,LL,0.00,1,100,F652,57.4
sweep,,634,LL,0.00,1,100,F671,0.0
sweep,,634,LL,0.00,1,100,F671-1,473.6
sweep,,634,LL,0.00,1,100,F671-2,72.0
sweep,,634,LL,0.00,1,100,F675,188.4
sweep,,634,LL,0.00,1,100,F684,72.0
sweep,,634,LL,0.00,1,100,F692,53.5
sweep,,634,LL,0.00,1,100,F692-R,175.5
sweep,,634,LLG,0.00,1,100,R1,1809.0
sweep,,634,LLG,0.00,1,100,R2,347.7
sweep,,634,LLG,0.00,1,100,F-DL,12.3
sweep,,634,LLG,0.00,1,100,F-DL-2,12.4
sweep,,634,LLG,0.00,1,100,F-DL-3,12.6
sweep,,634,LLG,0.00,1,100,F-DL-4,12.7
sweep,,634,LLG,0.00,1,100,F-DL-5,12.5
sweep,,634,LLG,0.00,1,100,F611,88.6
sweep,,634,LLG,0.00,1,100,F632,109.1
sweep,,634,LLG,0.00,1,100,F633,2037.0
sweep,,634,LLG,0.00,1,100,F634,17727.4
sweep,,634,LLG,0.00,1,100,F645,61.9
sweep,,634,LLG,0.00,1,100,F646,57.9
sweep,,634,LLG,0.00,1,100,F652,50.3
sweep,,634,LLG,0.00,1,100,F671,0.0
sweep,,634,LLG,0.00,1,100,F671-1,491.9
sweep,,634,LLG,0.00,1,100,F671-2,80.7
sweep,,634,LLG,0.00,1,100,F675,169.5
sweep,,634,LLG,0.00,1,100,F684,80.7
sweep,,634,LLG,0.00,1,100,F692,51.0
sweep,,634,LLG,0.00,1,100,F692-R,153.6
sweep,,634,LLL,0.00,1,100,R1,1899.2
sweep,,634,LLL,0.00,1,100,R2,500.7
sweep,,634,LLL,0.00,1,100,F-DL,8.5
sweep,,634,LLL,0.00,1,100,F-DL-2,8.6
sweep,,634,LLL,0.00,1,100,F-DL-3,8.8
sweep,,634,LLL,0.00,1,100,F-DL-4,9.0
sweep,,634,LLL,0.00,1,100,F-DL-5,8.7
sweep,,634,LLL,0.00,1,100,F611,63.1
sweep,,634,LLL,0.00,1,100,F632,109.6
sweep,,634,LLL,0.00,1,100,F633,2170.7
sweep,,634,LLL,0.00,1,100,F634,18812.8
sweep,,634,LLL,0.00,1,100,F645,65.4
sweep,,634,LLL,0.00,1,100,F646,49.9
sweep,,634,LLL,0.00,1,100,F652,52.5
sweep,,634,LLL,0.00,1,100,F671,0.0
sweep,,634,LLL,0.00,1,100,F671-1,645.8
sweep,,634,LLL,0.00,1,100,F671-2,57.4
sweep,,634,LLL,0.00,1,100,F675,172.0
sweep,,634,LLL,0.00,1,100,F684,57.4
sweep,,634,LLL,0.00,1,100,F692,43.9
sweep,,634,LLL,0.00,1,100,F692-R,160.2
sweep,,645,LG,0.00,1,100,R1,3176.0
sweep,,645,LG,0.00,1,100,R2,518.8
sweep,,645,LG,0.00,1,100,F-DL,12.4
sweep,,645,LG,0.00,1,100,F-DL-2,12.5
sweep,,645,LG,0.00,1,100,F-DL-3,12.8
sweep,,645,LG,0.00,1,100,F-DL-4,12.9
sweep,,645,LG,0.00,1,100,F-DL-5,12.6
sweep,,645,LG,0.00,1,100,F611,90.2
sweep,,645,LG,0.00,1,100,F632,3625.7
sweep,,645,LG,0.00,1,100,F633,106.1
sweep,,645,LG,0.00,1,100,F634,811.9
sweep,,645,LG,0.00,1,100,F645,15.0
sweep,,645,LG,0.00,1,100,F646,47.8
sweep,,645,LG,0.00,1,100,F652,78.3
sweep,,645,LG,0.00,1,100,F671,0.0
sweep,,645,LG,0.00,1,100,F671-1,656.4
sweep,,645,LG,0.00,1,100,F671-2,82.2
sweep,,645,LG,0.00,1,100,F675,256.5
sweep,,645,LG,0.00,1,100,F684,82.2
sweep,,645,LG,0.00,1,100,F692,54.9
sweep,,645,LG,0.00,1,100,F692-R,239.0
sweep,,645,LL,0.00,1,100,R1,4131.1
sweep,,645,LL,0.00,1,100,R2,1111.0
sweep,,645,LL,0.00,1,100,F-DL,5.1
sweep,,645,LL,0.00,1,100,F-DL-2,5.3
sweep,,645,LL,0.00,1,100,F-DL-3,5.7
sweep,,645,LL,0.00,1,100,F-DL-4,5.9
sweep,,645,LL,0.00,1,100,F-DL-5,5.5
sweep,,645,LL,0.00,1,100,F611,42.2
sweep,,645,LL,0.00,1,100,F632,5039.3
sweep,,645,LL,0.00,1,100,F633,78.9
sweep,,645,LL,0.00,1,100,F634,685.7
sweep,,645,LL,0.00,1,100,F645,43.3
sweep,,645,LL,0.00,1,100,F646,0.0
sweep,,645,LL,0.00,1,100,F652,65.0
sweep,,645,LL,0.00,1,100,F671,0.0
sweep,,645,LL,0.00,1,100,F671-1,1231.9
sweep,,645,LL,0.00,1,100,F671-2,65.0
sweep,,645,LL,0.00,1,100,F675,213.1
sweep,,645,LL,0.00,1,100,F684,38.4
sweep,,645,LL,0.00,1,100,F692,45.3
sweep,,645,LL,0.00,1,100,F692-R,198.5
sweep,,645,LLG,0.00,1,100,R1,4424.4
sweep,,645,LLG,0.00,1,100,R2,1129.3
sweep,,645,LLG,0.00,1,100,F-DL,3.3
sweep,,645,LLG,0.00,1,100,F-DL-2,3.5
sweep,,645,LLG,0.00,1,100,F-DL-3,3.8
sweep,,645,LLG,0.00,1,100,F-DL-4,4.0
sweep,,645,LLG,0.00,1,100,F-DL-5,3.7
sweep,,645,LLG,0.00,1,100,F611,28.9
sweep,,645,LLG,0.00,1,100,F632,5278.7
sweep,,645,LLG,0.00,1,100,F633,101.1
sweep,,645,LLG,0.00,1,100,F634,828.8
sweep,,645,LLG,0.00,1,100,F645,11.0
sweep,,645,LLG,0.00,1,100,F646,0.0
sweep,,645,LLG,0.00,1,100,F652,79.5
sweep,,645,LLG,0.00,1,100,F671,0.0
sweep,,645,LLG,0.00,1,100,F671-1,1247.8
sweep,,645,LLG,0.00,1,100,F671-2,79.5
sweep,,645,LLG,0.00,1,100,F675,260.5
sweep,,645,LLG,0.00,1,100,F684,26.3
sweep,,645,LLG,0.00,1,100,F692,41.9
sweep,,645,LLG,0.00,1,100,F692-R,242.7
sweep,,645,LLL,0.00,1,100,R1,
sweep,,645,LLL,0.00,1,100,R2,
sweep,,645,LLL,0.00,1,100,F-DL,
sweep,,645,LLL,0.00,1,100,F-DL-2,
sweep,,645,LLL,0.00,1,100,F-DL-3,
sweep,,645,LLL,0.00,1,100,F-DL-4,
sweep,,645,LLL,0.00,1,100,F-DL-5,
sweep,,645,LLL,0.00,1,100,F611,
sweep,,645,LLL,0.00,1,100,F632,
sweep,,645,LLL,0.00,1,100,F633,
sweep,,645,LLL,0.00,1,100,F634,
sweep,,645,LLL,0.00,1,100,F645,
sweep,,645,LLL,0.00,1,100,F646,
sweep,,645,LLL,0.00,1,100,F652,
sweep,,645,LLL,0.00,1,100,F671,
sweep,,645,LLL,0.00,1,100,F671-1,
sweep,,645,LLL,0.00,1,100,F671-2,
sweep,,645,LLL,0.00,1,100,F675,
sweep,,645,LLL,0.00,1,100,F684,
sweep,,645,LLL,0.00,1,100,F692,
sweep,,645,LLL,0.00,1,100,F692-R,
sweep,,646,LG,0.00,1,100,R1,2720.7
sweep,,646,LG,0.00,1,100,R2,470.7
sweep,,646,LG,0.00,1,100,F-DL,12.2
sweep,,646,LG,0.00,1,100,F-DL-2,12.3
sweep,,646,LG,0.00,1,100,F-DL-3,12.6
sweep,,646,LG,0.00,1,100,F-DL-4,12.7
sweep,,646,LG,0.00,1,100,F-DL-5,12.5
sweep,,646,LG,0.00,1,100,F611,88.9
sweep,,646,LG,0.00,1,100,F632,3103.0
sweep,,646,LG,0.00,1,100,F633,101.3
sweep,,646,LG,0.00,1,100,F634,786.0
sweep,,646,LG,0.00,1,100,F645,24.7
sweep,,646,LG,0.00,1,100,F646,3081.2
sweep,,646,LG,0.00,1,100,F652,75.5
sweep,,646,LG,0.00,1,100,F671,0.0
sweep,,646,LG,0.00,1,100,F671-1,615.7
sweep,,646,LG,0.00,1,100,F671-2,81.0
sweep,,646,LG,0.00,1,100,F675,247.6
sweep,,646,LG,0.00,1,100,F684,81.0
sweep,,646,LG,0.00,1,100,F692,54.8
sweep,,646,LG,0.00,1,100,F692-R,230.7
sweep,,646,LL,0.00,1,100,R1,3498.4
sweep,,646,LL,0.00,1,100,R2,970.3
sweep,,646,LL,0.00,1,100,F-DL,5.8
sweep,,646,LL,0.00,1,100,F-DL-2,6.0
sweep,,646,LL,0.00,1,100,F-DL-3,6.3
sweep,,646,LL,0.00,1,100,F-DL-4,6.5
sweep,,646,LL,0.00,1,100,F-DL-5,6.1
sweep,,646,LL,0.00,1,100,F611,46.4
sweep,,646,LL,0.00,1,100,F632,4229.2
sweep,,646,LL,0.00,1,100,F633,78.8
sweep,,646,LL,0.00,1,100,F634,684.9
sweep,,646,LL,0.00,1,100,F645,50.2
sweep,,646,LL,0.00,1,100,F646,4200.1
sweep,,646,LL,0.00,1,100,F652,64.9
sweep,,646,LL,0.00,1,100,F671,0.0
sweep,,646,LL,0.00,1,100,F671-1,1100.4
sweep,,646,LL,0.00,1,100,F671-2,64.9
sweep,,646,LL,0.00,1,100,F675,212.7
sweep,,646,LL,0.00,1,100,F684,42.3
sweep,,646,LL,0.00,1,100,F692,45.6
sweep,,646,LL,0.00,1,100,F692-R,198.1
sweep,,646,LLG,0.00,1,100,R1,3803.1
sweep,,646,LLG,0.00,1,100,R2,980.9
sweep,,646,LLG,0.00,1,100,F-DL,4.6
sweep,,646,LLG,0.00,1,100,F-DL-2,4.8
sweep,,646,LLG,0.00,1,100,F-DL-3,5.0
sweep,,646,LLG,0.00,1,100,F-DL-4,5.2
sweep,,646,LLG,0.00,1,100,F-DL-5,4.9
sweep,,646,LLG,0.00,1,100,F611,37.0
sweep,,646,LLG,0.00,1,100,F632,4487.9
sweep,,646,LLG,0.00,1,100,F633,97.9
sweep,,646,LLG,0.00,1,100,F634,807.1
sweep,,646,LLG,0.00,1,100,F645,25.1
sweep,,646,LLG,0.00,1,100,F646,4487.9
sweep,,646,LLG,0.00,1,100,F652,77.3
sweep,,646,LLG,0.00,1,100,F671,0.0
sweep,,646,LLG,0.00,1,100,F671-1,1109.9
sweep,,646,LLG,0.00,1,100,F671-2,77.3
sweep,,646,LLG,0.00,1,100,F675,253.2
sweep,,646,LLG,0.00,1,100,F684,33.7
sweep,,646,LLG,0.00,1,100,F692,42.8
sweep,,646,LLG,0.00,1,100,F692-R,235.9
sweep,,646,LLL,0.00,1,100,R1,
sweep,,646,LLL,0.00,1,100,R2,
sweep,,646,LLL,0.00,1,100,F-DL,
sweep,,646,LLL,0.00,1,100,F-DL-2,
sweep,,646,LLL,0.00,1,100,F-DL-3,
sweep,,646,LLL,0.00,1,100,F-DL-4,
sweep,,646,LLL,0.00,1,100,F-DL-5,
sweep,,646,LLL,0.00,1,100,F611,
sweep,,646,LLL,0.00,1,100,F632,
sweep,,646,LLL,0.00,1,100,F633,
sweep,,646,LLL,0.00,1,100,F634,
sweep,,646,LLL,0.00,1,100,F645,
sweep,,646,LLL,0.00,1,100,F646,
sweep,,646,LLL,0.00,1,100,F652,
sweep,,646,LLL,0.00,1,100,F671,
sweep,,646,LLL,0.00,1,100,F671-1,
sweep,,646,LLL,0.00,1,100,F671-2,
sweep,,646,LLL,0.00,1,100,F675,
sweep,,646,LLL,0.00,1,100,F684,
sweep,,646,LLL,0.00,1,100,F692,
sweep,,646,LLL,0.00,1,100,F692-R,
sweep,,nDL,LG,0.00,1,100,R1,3151.9
sweep,,nDL,LG,0.00,1,100,R2,551.1
sweep,,nDL,LG,0.00,1,100,F-DL,13.4
sweep,,nDL,LG,0.00,1,100,F-DL-2,13.8
sweep,,nDL,LG,0.00,1,100,F-DL-3,14.5
sweep,,nDL,LG,0.00,1,100,F-DL-4,14.9
sweep,,nDL,LG,0.00,1,100,F-DL-5,14.1
sweep,,nDL,LG,0.00,1,100,F611,106.1
sweep,,nDL,LG,0.00,1,100,F632,150.0
sweep,,nDL,LG,0.00,1,100,F633,87.4
sweep,,nDL,LG,0.00,1,100,F634,647.6
sweep,,nDL,LG,0.00,1,100,F645,97.3
sweep,,nDL,LG,0.00,1,100,F646,66.6
sweep,,nDL,LG,0.00,1,100,F652,6.1
sweep,,nDL,LG,0.00,1,100,F671,0.0
sweep,,nDL,LG,0.00,1,100,F671-1,671.3
sweep,,nDL,LG,0.00,1,100,F671-2,96.6
sweep,,nDL,LG,0.00,1,100,F675,203.1
sweep,,nDL,LG,0.00,1,100,F684,96.6
sweep,,nDL,LG,0.00,1,100,F692,42.9
sweep,,nDL,LG,0.00,1,100,F692-R,164.1
sweep,,nDL,LL,0.00,1,100,R1,4929.7
sweep,,nDL,LL,0.00,1,100,R2,1477.4
sweep,,nDL,LL,0.00,1,100,F-DL,11.3
sweep,,nDL,LL,0.00,1,100,F-DL-2,11.4
sweep,,nDL,LL,0.00,1,100,F-DL-3,11.6
sweep,,nDL,LL,0.00,1,100,F-DL-4,11.7
sweep,,nDL,LL,0.00,1,100,F-DL-5,11.5
sweep,,nDL,LL,0.00,1,100,F611,82.0
sweep,,nDL,LL,0.00,1,100,F632,99.5
sweep,,nDL,LL,0.00,1,100,F633,63.7
sweep,,nDL,LL,0.00,1,100,F634,551.5
sweep,,nDL,LL,0.00,1,100,F645,44.1
sweep,,nDL,LL,0.00,1,100,F646,57.2
sweep,,nDL,LL,0.00,1,100,F652,34.5
sweep,,nDL,LL,0.00,1,100,F671,0.0
sweep,,nDL,LL,0.00,1,100,F671-1,1581.2
sweep,,nDL,LL,0.00,1,100,F671-2,74.7
sweep,,nDL,LL,0.00,1,100,F675,157.1
sweep,,nDL,LL,0.00,1,100,F684,74.7
sweep,,nDL,LL,0.00,1,100,F692,49.1
sweep,,nDL,LL,0.00,1,100,F692-R,126.9
sweep,,nDL,LLG,0.00,1,100,R1,5060.8
sweep,,nDL,LLG,0.00,1,100,R2,1614.8
sweep,,nDL,LLG,0.00,1,100,F-DL,13.5
sweep,,nDL,LLG,0.00,1,100,F-DL-2,13.8
sweep,,nDL,LLG,0.00,1,100,F-DL-3,14.5
sweep,,nDL,LLG,0.00,1,100,F-DL-4,14.8
sweep,,nDL,LLG,0.00,1,100,F-DL-5,14.1
sweep,,nDL,LLG,0.00,1,100,F611,105.4
sweep,,nDL,LLG,0.00,1,100,F632,68.6
sweep,,nDL,LLG,0.00,1,100,F633,80.5
sweep,,nDL,LLG,0.00,1,100,F634,651.4
sweep,,nDL,LLG,0.00,1,100,F645,21.9
sweep,,nDL,LLG,0.00,1,100,F646,52.1
sweep,,nDL,LLG,0.00,1,100,F652,7.8
sweep,,nDL,LLG,0.00,1,100,F671,0.0
sweep,,nDL,LLG,0.00,1,100,F671-1,1695.4
sweep,,nDL,LLG,0.00,1,100,F671-2,96.0
sweep,,nDL,LLG,0.00,1,100,F675,201.6
sweep,,nDL,LLG,0.00,1,100,F684,96.0
sweep,,nDL,LLG,0.00,1,100,F692,43.5
sweep,,nDL,LLG,0.00,1,100,F692-R,162.9
sweep,,nDL,LLL,0.00,1,100,R1,5529.9
sweep,,nDL,LLL,0.00,1,100,R2,1950.7
sweep,,nDL,LLL,0.00,1,100,F-DL,2.0
sweep,,nDL,LLL,0.00,1,100,F-DL-2,1.1
sweep,,nDL,LLL,0.00,1,100,F-DL-3,0.5
sweep,,nDL,LLL,0.00,1,100,F-DL-4,0.8
sweep,,nDL,LLL,0.00,1,100,F-DL-5,0.1
sweep,,nDL,LLL,0.00,1,100,F611,8.3
sweep,,nDL,LLL,0.00,1,100,F632,35.5
sweep,,nDL,LLL,0.00,1,100,F633,20.2
sweep,,nDL,LLL,0.00,1,100,F634,174.7
sweep,,nDL,LLL,0.00,1,100,F645,20.6
sweep,,nDL,LLL,0.00,1,100,F646,16.8
sweep,,nDL,LLL,0.00,1,100,F652,6.0
sweep,,nDL,LLL,0.00,1,100,F671,0.0
sweep,,nDL,LLL,0.00,1,100,F671-1,1962.4
sweep,,nDL,LLL,0.00,1,100,F671-2,7.6
sweep,,nDL,LLL,0.00,1,100,F675,19.8
sweep,,nDL,LLL,0.00,1,100,F684,7.6
sweep,,nDL,LLL,0.00,1,100,F692,5.5
sweep,,nDL,LLL,0.00,1,100,F692-R,18.4
sweep,,671,LG,0.00,1,100,R1,2547.5
sweep,,671,LG,0.00,1,100,R2,2525.2
sweep,,671,LG,0.00,1,100,F-DL,13.3
sweep,,671,LG,0.00,1,100,F-DL-2,13.7
sweep,,671,LG,0.00,1,100,F-DL-3,14.7
sweep,,671,LG,0.00,1,100,F-DL-4,15.1
sweep,,671,LG,0.00,1,100,F-DL-5,14.2
sweep,,671,LG,0.00,1,100,F611,108.4
sweep,,671,LG,0.00,1,100,F632,150.0
sweep,,671,LG,0.00,1,100,F633,83.4
sweep,,671,LG,0.00,1,100,F634,630.6
sweep,,671,LG,0.00,1,100,F645,96.8
sweep,,671,LG,0.00,1,100,F646,66.6
sweep,,671,LG,0.00,1,100,F652,0.1
sweep,,671,LG,0.00,1,100,F671,0.0
sweep,,671,LG,0.00,1,100,F671-1,713.4
sweep,,671,LG,0.00,1,100,F671-2,98.7
sweep,,671,LG,0.00,1,100,F675,207.6
sweep,,671,LG,0.00,1,100,F684,98.7
sweep,,671,LG,0.00,1,100,F692,42.9
sweep,,671,LG,0.00,1,100,F692-R,167.7
sweep,,671,LL,0.00,1,100,R1,3976.3
sweep,,671,LL,0.00,1,100,R2,3977.1
sweep,,671,LL,0.00,1,100,F-DL,11.4
sweep,,671,LL,0.00,1,100,F-DL-2,11.5
sweep,,671,LL,0.00,1,100,F-DL-3,11.7
sweep,,671,LL,0.00,1,100,F-DL-4,11.8
sweep,,671,LL,0.00,1,100,F-DL-5,11.6
sweep,,671,LL,0.00,1,100,F611,82.3
sweep,,671,LL,0.00,1,100,F632,103.5
sweep,,671,LL,0.00,1,100,F633,63.8
sweep,,671,LL,0.00,1,100,F634,553.2
sweep,,671,LL,0.00,1,100,F645,49.0
sweep,,671,LL,0.00,1,100,F646,58.0
sweep,,671,LL,0.00,1,100,F652,33.4
sweep,,671,LL,0.00,1,100,F671,0.0
sweep,,671,LL,0.00,1,100,F671-1,1695.7
sweep,,671,LL,0.00,1,100,F671-2,74.9
sweep,,671,LL,0.00,1,100,F675,157.5
sweep,,671,LL,0.00,1,100,F684,74.9
sweep,,671,LL,0.00,1,100,F692,48.8
sweep,,671,LL,0.00,1,100,F692-R,127.3
sweep,,671,LLG,0.00,1,100,R1,4135.1
sweep,,671,LLG,0.00,1,100,R2,4098.5
sweep,,671,LLG,0.00,1,100,F-DL,13.5
sweep,,671,LLG,0.00,1,100,F-DL-2,13.9
sweep,,671,LLG,0.00,1,100,F-DL-3,14.8
sweep,,671,LLG,0.00,1,100,F-DL-4,15.2
sweep,,671,LLG,0.00,1,100,F-DL-5,14.3
sweep,,671,LLG,0.00,1,100,F611,108.4
sweep,,671,LLG,0.00,1,100,F632,80.4
sweep,,671,LLG,0.00,1,100,F633,78.5
sweep,,671,LLG,0.00,1,100,F634,640.1
sweep,,671,LLG,0.00,1,100,F645,34.4
sweep,,671,LLG,0.00,1,100,F646,54.4
sweep,,671,LLG,0.00,1,100,F652,0.1
sweep,,671,LLG,0.00,1,100,F671,0.0
sweep,,671,LLG,0.00,1,100,F671-1,1839.1
sweep,,671,LLG,0.00,1,100,F671-2,98.8
sweep,,671,LLG,0.00,1,100,F675,207.3
sweep,,671,LLG,0.00,1,100,F684,98.8
sweep,,671,LLG,0.00,1,100,F692,42.9
sweep,,671,LLG,0.00,1,100,F692-R,167.5
sweep,,671,LLL,0.00,1,100,R1,4457.0
sweep,,671,LLL,0.00,1,100,R2,4426.9
sweep,,671,LLL,0.00,1,100,F-DL,3.9
sweep,,671,LLL,0.00,1,100,F-DL-2,3.1
sweep,,671,LLL,0.00,1,100,F-DL-3,1.6
sweep,,671,LLL,0.00,1,100,F-DL-4,0.8
sweep,,671,LLL,0.00,1,100,F-DL-5,2.4
sweep,,671,LLL,0.00,1,100,F611,0.0
sweep,,671,LLL,0.00,1,100,F632,57.3
sweep,,671,LLL,0.00,1,100,F633,32.5
sweep,,671,LLL,0.00,1,100,F634,281.5
sweep,,671,LLL,0.00,1,100,F645,33.5
sweep,,671,LLL,0.00,1,100,F646,26.8
sweep,,671,LLL,0.00,1,100,F652,0.0
sweep,,671,LLL,0.00,1,100,F671,0.0
sweep,,671,LLL,0.00,1,100,F671-1,2148.3
sweep,,671,LLL,0.00,1,100,F671-2,0.0
sweep,,671,LLL,0.00,1,100,F675,0.0
sweep,,671,LLL,0.00,1,100,F684,0.0
sweep,,671,LLL,0.00,1,100,F692,0.0
sweep,,671,LLL,0.00,1,100,F692-R,0.0
sweep,,692,LG,0.00,1,100,R1,2547.5
sweep,,692,LG,0.00,1,100,R2,2525.2
sweep,,692,LG,0.00,1,100,F-DL,13.3
sweep,,692,LG,0.00,1,100,F-DL-2,13.7
sweep,,692,LG,0.00,1,100,F-DL-3,14.7
sweep,,692,LG,0.00,1,100,F-DL-4,15.1
sweep,,692,LG,0.00,1,100,F-DL-5,14.2
sweep,,692,LG,0.00,1,100,F611,108.4
sweep,,692,LG,0.00,1,100,F632,150.0
sweep,,692,LG,0.00,1,100,F633,83.4
sweep,,692,LG,0.00,1,100,F634,630.6
sweep,,692,LG,0.00,1,100,F645,96.8
sweep,,692,LG,0.00,1,100,F646,66.6
sweep,,692,LG,0.00,1,100,F652,0.1
sweep,,692,LG,0.00,1,100,F671,0.0
sweep,,692,LG,0.00,1,100,F671-1,2432.8
sweep,,692,LG,0.00,1,100,F671-2,98.7
sweep,,692,LG,0.00,1,100,F675,207.6
sweep,,692,LG,0.00,1,100,F684,98.7
sweep,,692,LG,0.00,1,100,F692,42.9
sweep,,692,LG,0.00,1,100,F692-R,167.7
sweep,,692,LL,0.00,1,100,R1,3976.3
sweep,,692,LL,0.00,1,100,R2,3977.1
sweep,,692,LL,0.00,1,100,F-DL,11.4
sweep,,692,LL,0.00,1,100,F-DL-2,11.5
sweep,,692,LL,0.00,1,100,F-DL-3,11.7
sweep,,692,LL,0.00,1,100,F-DL-4,11.8
sweep,,692,LL,0.00,1,100,F-DL-5,11.6
sweep,,692,LL,0.00,1,100,F611,82.3
sweep,,692,LL,0.00,1,100,F632,103.5
sweep,,692,LL,0.00,1,100,F633,63.8
sweep,,692,LL,0.00,1,100,F634,553.2
sweep,,692,LL,0.00,1,100,F645,49.0
sweep,,692,LL,0.00,1,100,F646,58.0
sweep,,692,LL,0.00,1,100,F652,33.4
sweep,,692,LL,0.00,1,100,F671,0.0
sweep,,692,LL,0.00,1,100,F671-1,4040.3
sweep,,692,LL,0.00,1,100,F671-2,74.9
sweep,,692,LL,0.00,1,100,F675,157.5
sweep,,692,LL,0.00,1,100,F684,74.9
sweep,,692,LL,0.00,1,100,F692,48.8
sweep,,692,LL,0.00,1,100,F692-R,127.3
sweep,,692,LLG,0.00,1,100,R1,4135.1
sweep,,692,LLG,0.00,1,100,R2,4098.5
sweep,,692,LLG,0.00,1,100,F-DL,13.5
sweep,,692,LLG,0.00,1,100,F-DL-2,13.9
sweep,,692,LLG,0.00,1,100,F-DL-3,14.8
sweep,,692,LLG,0.00,1,100,F-DL-4,15.2
sweep,,692,LLG,0.00,1,100,F-DL-5,14.3
sweep,,692,LLG,0.00,1,100,F611,108.4
sweep,,692,LLG,0.00,1,100,F632,80.4
sweep,,692,LLG,0.00,1,100,F633,78.5
sweep,,692,LLG,0.00,1,100,F634,640.1
sweep,,692,LLG,0.00,1,100,F645,34.4
sweep,,692,LLG,0.00,1,100,F646,54.4
sweep,,692,LLG,0.00,1,100,F652,0.1
sweep,,692,LLG,0.00,1,100,F671,0.0
sweep,,692,LLG,0.00,1,100,F671-1,4033.0
sweep,,692,LLG,0.00,1,100,F671-2,98.8
sweep,,692,LLG,0.00,1,100,F675,207.3
sweep,,692,LLG,0.00,1,100,F684,98.8
sweep,,692,LLG,0.00,1,100,F692,42.9
sweep,,692,LLG,0.00,1,100,F692-R,167.5
sweep,,692,LLL,0.00,1,100,R1,4457.0
sweep,,692,LLL,0.00,1,100,R2,4426.9
sweep,,692,LLL,0.00,1,100,F-DL,3.9
sweep,,692,LLL,0.00,1,100,F-DL-2,3.1
sweep,,692,LLL,0.00,1,100,F-DL-3,1.6
sweep,,692,LLL,0.00,1,100,F-DL-4,0.8
sweep,,692,LLL,0.00,1,100,F-DL-5,2.4
sweep,,692,LLL,0.00,1,100,F611,0.0
sweep,,692,LLL,0.00,1,100,F632,57.3
sweep,,692,LLL,0.00,1,100,F633,32.5
sweep,,692,LLL,0.00,1,100,F634,281.5
sweep,,692,LLL,0.00,1,100,F645,33.5
sweep,,692,LLL,0.00,1,100,F646,26.8
sweep,,692,LLL,0.00,1,100,F652,0.0
sweep,,692,LLL,0.00,1,100,F671,0.0
sweep,,692,LLL,0.00,1,100,F671-1,4426.9
sweep,,692,LLL,0.00,1,100,F671-2,0.0
sweep,,692,LLL,0.00,1,100,F675,0.0
sweep,,692,LLL,0.00,1,100,F684,0.0
sweep,,692,LLL,0.00,1,100,F692,0.0
sweep,,692,LLL,0.00,1,100,F692-R,0.0
sweep,,675,LG,0.00,1,100,R1,2268.2
sweep,,675,LG,0.00,1,100,R2,2180.2
sweep,,675,LG,0.00,1,100,F-DL,12.6
sweep,,675,LG,0.00,1,100,F-DL-2,12.9
sweep,,675,LG,0.00,1,100,F-DL-3,13.6
sweep,,675,LG,0.00,1,100,F-DL-4,13.9
sweep,,675,LG,0.00,1,100,F-DL-5,13.2
sweep,,675,LG,0.00,1,100,F611,99.0
sweep,,675,LG,0.00,1,100,F632,90.8
sweep,,675,LG,0.00,1,100,F633,100.7
sweep,,675,LG,0.00,1,100,F634,791.5
sweep,,675,LG,0.00,1,100,F645,43.3
sweep,,675,LG,0.00,1,100,F646,55.2
sweep,,675,LG,0.00,1,100,F652,85.5
sweep,,675,LG,0.00,1,100,F671,0.0
sweep,,675,LG,0.00,1,100,F671-1,2074.9
sweep,,675,LG,0.00,1,100,F671-2,90.2
sweep,,675,LG,0.00,1,100,F675,294.0
sweep,,675,LG,0.00,1,100,F684,90.2
sweep,,675,LG,0.00,1,100,F692,54.7
sweep,,675,LG,0.00,1,100,F692-R,2787.5
sweep,,675,LL,0.00,1,100,R1,3509.7
sweep,,675,LL,0.00,1,100,R2,3512.1
sweep,,675,LL,0.00,1,100,F-DL,11.3
sweep,,675,LL,0.00,1,100,F-DL-2,11.4
sweep,,675,LL,0.00,1,100,F-DL-3,11.6
sweep,,675,LL,0.00,1,100,F-DL-4,11.7
sweep,,675,LL,0.00,1,100,F-DL-5,11.5
sweep,,675,LL,0.00,1,100,F611,81.8
sweep,,675,LL,0.00,1,100,F632,103.1
sweep,,675,LL,0.00,1,100,F633,63.6
sweep,,675,LL,0.00,1,100,F634,551.3
sweep,,675,LL,0.00,1,100,F645,50.4
sweep,,675,LL,0.00,1,100,F646,57.3
sweep,,675,LL,0.00,1,100,F652,37.8
sweep,,675,LL,0.00,1,100,F671,0.0
sweep,,675,LL,0.00,1,100,F671-1,3549.7
sweep,,675,LL,0.00,1,100,F671-2,74.5
sweep,,675,LL,0.00,1,100,F675,156.5
sweep,,675,LL,0.00,1,100,F684,74.5
sweep,,675,LL,0.00,1,100,F692,50.5
sweep,,675,LL,0.00,1,100,F692-R,4971.3
sweep,,675,LLG,0.00,1,100,R1,3646.9
sweep,,675,LLG,0.00,1,100,R2,3602.9
sweep,,675,LLG,0.00,1,100,F-DL,13.2
sweep,,675,LLG,0.00,1,100,F-DL-2,13.6
sweep,,675,LLG,0.00,1,100,F-DL-3,14.4
sweep,,675,LLG,0.00,1,100,F-DL-4,14.8
sweep,,675,LLG,0.00,1,100,F-DL-5,14.0
sweep,,675,LLG,0.00,1,100,F611,105.3
sweep,,675,LLG,0.00,1,100,F632,84.4
sweep,,675,LLG,0.00,1,100,F633,77.0
sweep,,675,LLG,0.00,1,100,F634,629.2
sweep,,675,LLG,0.00,1,100,F645,40.2
sweep,,675,LLG,0.00,1,100,F646,54.3
sweep,,675,LLG,0.00,1,100,F652,8.9
sweep,,675,LLG,0.00,1,100,F671,0.0
sweep,,675,LLG,0.00,1,100,F671-1,3533.1
sweep,,675,LLG,0.00,1,100,F671-2,95.9
sweep,,675,LLG,0.00,1,100,F675,206.5
sweep,,675,LLG,0.00,1,100,F684,95.9
sweep,,675,LLG,0.00,1,100,F692,45.2
sweep,,675,LLG,0.00,1,100,F692-R,5178.9
sweep,,675,LLL,0.00,1,100,R1,3948.4
sweep,,675,LLL,0.00,1,100,R2,3868.2
sweep,,675,LLL,0.00,1,100,F-DL,4.8
sweep,,675,LLL,0.00,1,100,F-DL-2,4.2
sweep,,675,LLL,0.00,1,100,F-DL-3,2.9
sweep,,675,LLL,0.00,1,100,F-DL-4,2.2
sweep,,675,LLL,0.00,1,100,F-DL-5,3.6
sweep,,675,LLL,0.00,1,100,F611,10.9
sweep,,675,LLL,0.00,1,100,F632,67.1
sweep,,675,LLL,0.00,1,100,F633,39.4
sweep,,675,LLL,0.00,1,100,F634,341.2
sweep,,675,LLL,0.00,1,100,F645,39.7
sweep,,675,LLL,0.00,1,100,F646,31.3
sweep,,675,LLL,0.00,1,100,F652,9.7
sweep,,675,LLL,0.00,1,100,F671,0.0
sweep,,675,LLL,0.00,1,100,F671-1,3844.2
sweep,,675,LLL,0.00,1,100,F671-2,9.9
sweep,,675,LLL,0.00,1,100,F675,0.0
sweep,,675,LLL,0.00,1,100,F684,9.9
sweep,,675,LLL,0.00,1,100,F692,8.0
sweep,,675,LLL,0.00,1,100,F692-R,5791.2
sweep,,680,LG,0.00,1,100,R1,1933.8
sweep,,680,LG,0.00,1,100,R2,1850.2
sweep,,680,LG,0.00,1,100,F-DL,12.1
sweep,,680,LG,0.00,1,100,F-DL-2,12.3
sweep,,680,LG,0.00,1,100,F-DL-3,12.8
sweep,,680,LG,0.00,1,100,F-DL-4,13.1
sweep,,680,LG,0.00,1,100,F-DL-5,12.6
sweep,,680,LG,0.00,1,100,F611,92.8
sweep,,680,LG,0.00,1,100,F632,100.4
sweep,,680,LG,0.00,1,100,F633,98.4
sweep,,680,LG,0.00,1,100,F634,784.6
sweep,,680,LG,0.00,1,100,F645,49.5
sweep,,680,LG,0.00,1,100,F646,57.3
sweep,,680,LG,0.00,1,100,F652,83.6
sweep,,680,LG,0.00,1,100,F671,2331.1
sweep,,680,LG,0.00,1,100,F671-1,664.4
sweep,,680,LG,0.00,1,100,F671-2,84.6
sweep,,680,LG,0.00,1,100,F675,274.2
sweep,,680,LG,0.00,1,100,F684,84.6
sweep,,680,LG,0.00,1,100,F692,54.8
sweep,,680,LG,0.00,1,100,F692-R,255.4
sweep,,680,LL,0.00,1,100,R1,3143.6
sweep,,680,LL,0.00,1,100,R2,3123.1
sweep,,680,LL,0.00,1,100,F-DL,11.3
sweep,,680,LL,0.00,1,100,F-DL-2,11.4
sweep,,680,LL,0.00,1,100,F-DL-3,11.6
sweep,,680,LL,0.00,1,100,F-DL-4,11.6
sweep,,680,LL,0.00,1,100,F-DL-5,11.5
sweep,,680,LL,0.00,1,100,F611,81.3
sweep,,680,LL,0.00,1,100,F632,109.2
sweep,,680,LL,0.00,1,100,F633,63.4
sweep,,680,LL,0.00,1,100,F634,549.5
sweep,,680,LL,0.00,1,100,F645,55.3
sweep,,680,LL,0.00,1,100,F646,58.8
sweep,,680,LL,0.00,1,100,F652,37.1
sweep,,680,LL,0.00,1,100,F671,4303.2
sweep,,680,LL,0.00,1,100,F671-1,1344.9
sweep,,680,LL,0.00,1,100,F671-2,74.1
sweep,,680,LL,0.00,1,100,F675,155.7
sweep,,680,LL,0.00,1,100,F684,74.1
sweep,,680,LL,0.00,1,100,F692,49.5
sweep,,680,LL,0.00,1,100,F692-R,125.8
sweep,,680,LLG,0.00,1,100,R1,3216.5
sweep,,680,LLG,0.00,1,100,R2,3177.4
sweep,,680,LLG,0.00,1,100,F-DL,12.9
sweep,,680,LLG,0.00,1,100,F-DL-2,13.2
sweep,,680,LLG,0.00,1,100,F-DL-3,13.8
sweep,,680,LLG,0.00,1,100,F-DL-4,14.2
sweep,,680,LLG,0.00,1,100,F-DL-5,13.5
sweep,,680,LLG,0.00,1,100,F611,100.8
sweep,,680,LLG,0.00,1,100,F632,92.1
sweep,,680,LLG,0.00,1,100,F633,74.0
sweep,,680,LLG,0.00,1,100,F634,614.1
sweep,,680,LLG,0.00,1,100,F645,44.4
sweep,,680,LLG,0.00,1,100,F646,56.1
sweep,,680,LLG,0.00,1,100,F652,17.4
sweep,,680,LLG,0.00,1,100,F671,4468.3
sweep,,680,LLG,0.00,1,100,F671-1,1434.6
sweep,,680,LLG,0.00,1,100,F671-2,91.8
sweep,,680,LLG,0.00,1,100,F675,192.7
sweep,,680,LLG,0.00,1,100,F684,91.8
sweep,,680,LLG,0.00,1,100,F692,45.0
sweep,,680,LLG,0.00,1,100,F692-R,155.7
sweep,,680,LLL,0.00,1,100,R1,3482.7
sweep,,680,LLL,0.00,1,100,R2,3440.9
sweep,,680,LLL,0.00,1,100,F-DL,5.7
sweep,,680,LLL,0.00,1,100,F-DL-2,5.1
sweep,,680,LLL,0.00,1,100,F-DL-3,4.0
sweep,,680,LLL,0.00,1,100,F-DL-4,3.4
sweep,,680,LLL,0.00,1,100,F-DL-5,4.6
sweep,,680,LLL,0.00,1,100,F611,19.8
sweep,,680,LLL,0.00,1,100,F632,77.2
sweep,,680,LLL,0.00,1,100,F633,43.8
sweep,,680,LLL,0.00,1,100,F634,378.6
sweep,,680,LLL,0.00,1,100,F645,45.2
sweep,,680,LLL,0.00,1,100,F646,36.2
sweep,,680,LLL,0.00,1,100,F652,15.3
sweep,,680,LLL,0.00,1,100,F671,5030.8
sweep,,680,LLL,0.00,1,100,F671-1,1678.0
sweep,,680,LLL,0.00,1,100,F671-2,18.0
sweep,,680,LLL,0.00,1,100,F675,50.3
sweep,,680,LLL,0.00,1,100,F684,18.0
sweep,,680,LLL,0.00,1,100,F692,13.3
sweep,,680,LLL,0.00,1,100,F692-R,46.9
sweep,,684,LG,0.00,1,100,R1,2259.9
sweep,,684,LG,0.00,1,100,R2,2229.0
sweep,,684,LG,0.00,1,100,F-DL,12.9
sweep,,684,LG,0.00,1,100,F-DL-2,13.3
sweep,,684,LG,0.00,1,100,F-DL-3,14.1
sweep,,684,LG,0.00,1,100,F-DL-4,14.5
sweep,,684,LG,0.00,1,100,F-DL-5,13.7
sweep,,684,LG,0.00,1,100,F611,105.1
sweep,,684,LG,0.00,1,100,F632,150.0
sweep,,684,LG,0.00,1,100,F633,80.2
sweep,,684,LG,0.00,1,100,F634,614.1
sweep,,684,LG,0.00,1,100,F645,95.9
sweep,,684,LG,0.00,1,100,F646,66.5
sweep,,684,LG,0.00,1,100,F652,0.6
sweep,,684,LG,0.00,1,100,F671,0.0
sweep,,684,LG,0.00,1,100,F671-1,646.1
sweep,,684,LG,0.00,1,100,F671-2,2711.6
sweep,,684,LG,0.00,1,100,F675,197.7
sweep,,684,LG,0.00,1,100,F684,95.7
sweep,,684,LG,0.00,1,100,F692,44.8
sweep,,684,LG,0.00,1,100,F692-R,159.7
sweep,,684,LL,0.00,1,100,R1,3176.6
sweep,,684,LL,0.00,1,100,R2,3162.9
sweep,,684,LL,0.00,1,100,F-DL,7.7
sweep,,684,LL,0.00,1,100,F-DL-2,7.5
sweep,,684,LL,0.00,1,100,F-DL-3,7.2
sweep,,684,LL,0.00,1,100,F-DL-4,7.1
sweep,,684,LL,0.00,1,100,F-DL-5,7.4
sweep,,684,LL,0.00,1,100,F611,40.0
sweep,,684,LL,0.00,1,100,F632,148.4
sweep,,684,LL,0.00,1,100,F633,63.2
sweep,,684,LL,0.00,1,100,F634,546.3
sweep,,684,LL,0.00,1,100,F645,87.9
sweep,,684,LL,0.00,1,100,F646,63.1
sweep,,684,LL,0.00,1,100,F652,32.6
sweep,,684,LL,0.00,1,100,F671,0.0
sweep,,684,LL,0.00,1,100,F671-1,1599.9
sweep,,684,LL,0.00,1,100,F671-2,4484.1
sweep,,684,LL,0.00,1,100,F675,92.7
sweep,,684,LL,0.00,1,100,F684,36.4
sweep,,684,LL,0.00,1,100,F692,10.8
sweep,,684,LL,0.00,1,100,F692-R,86.4
sweep,,684,LLG,0.00,1,100,R1,3317.4
sweep,,684,LLG,0.00,1,100,R2,3289.6
sweep,,684,LLG,0.00,1,100,F-DL,7.4
sweep,,684,LLG,0.00,1,100,F-DL-2,7.5
sweep,,684,LLG,0.00,1,100,F-DL-3,7.9
sweep,,684,LLG,0.00,1,100,F-DL-4,8.0
sweep,,684,LLG,0.00,1,100,F-DL-5,7.7
sweep,,684,LLG,0.00,1,100,F611,0.4
sweep,,684,LLG,0.00,1,100,F632,157.8
sweep,,684,LLG,0.00,1,100,F633,76.3
sweep,,684,LLG,0.00,1,100,F634,624.5
sweep,,684,LLG,0.00,1,100,F645,100.8
sweep,,684,LLG,0.00,1,100,F646,59.9
sweep,,684,LLG,0.00,1,100,F652,0.4
sweep,,684,LLG,0.00,1,100,F671,0.0
sweep,,684,LLG,0.00,1,100,F671-1,1654.3
sweep,,684,LLG,0.00,1,100,F671-2,4600.1
sweep,,684,LLG,0.00,1,100,F675,48.5
sweep,,684,LLG,0.00,1,100,F684,0.3
sweep,,684,LLG,0.00,1,100,F692,10.8
sweep,,684,LLG,0.00,1,100,F692-R,95.2
sweep,,684,LLL,0.00,1,100,R1,
sweep,,684,LLL,0.00,1,100,R2,
sweep,,684,LLL,0.00,1,100,F-DL,
sweep,,684,LLL,0.00,1,100,F-DL-2,
sweep,,684,LLL,0.00,1,100,F-DL-3,
sweep,,684,LLL,0.00,1,100,F-DL-4,
sweep,,684,LLL,0.00,1,100,F-DL-5,
sweep,,684,LLL,0.00,1,100,F611,
sweep,,684,LLL,0.00,1,100,F632,
sweep,,684,LLL,0.00,1,100,F633,
sweep,,684,LLL,0.00,1,100,F634,
sweep,,684,LLL,0.00,1,100,F645,
sweep,,684,LLL,0.00,1,100,F646,
sweep,,684,LLL,0.00,1,100,F652,
sweep,,684,LLL,0.00,1,100,F671,
sweep,,684,LLL,0.00,1,100,F671-1,
sweep,,684,LLL,0.00,1,100,F671-2,
sweep,,684,LLL,0.00,1,100,F675,
sweep,,684,LLL,0.00,1,100,F684,
sweep,,684,LLL,0.00,1,100,F692,
sweep,,684,LLL,0.00,1,100,F692-R,
sweep,,611,LG,0.00,1,100,R1,2011.3
sweep,,611,LG,0.00,1,100,R2,1903.8
sweep,,611,LG,0.00,1,100,F-DL,6.9
sweep,,611,LG,0.00,1,100,F-DL-2,7.0
sweep,,611,LG,0.00,1,100,F-DL-3,7.2
sweep,,611,LG,0.00,1,100,F-DL-4,7.4
sweep,,611,LG,0.00,1,100,F-DL-5,7.1
sweep,,611,LG,0.00,1,100,F611,0.0
sweep,,611,LG,0.00,1,100,F632,152.0
sweep,,611,LG,0.00,1,100,F633,86.6
sweep,,611,LG,0.00,1,100,F634,764.7
sweep,,611,LG,0.00,1,100,F645,94.8
sweep,,611,LG,0.00,1,100,F646,59.9
sweep,,611,LG,0.00,1,100,F652,82.2
sweep,,611,LG,0.00,1,100,F671,0.0
sweep,,611,LG,0.00,1,100,F671-1,657.8
sweep,,611,LG,0.00,1,100,F671-2,2372.9
sweep,,611,LG,0.00,1,100,F675,264.0
sweep,,611,LG,0.00,1,100,F684,2372.9
sweep,,611,LG,0.00,1,100,F692,43.1
sweep,,611,LG,0.00,1,100,F692-R,245.9
sweep,,611,LL,0.00,1,100,R1,
sweep,,611,LL,0.00,1,100,R2,
sweep,,611,LL,0.00,1,100,F-DL,
sweep,,611,LL,0.00,1,100,F-DL-2,
sweep,,611,LL,0.00,1,100,F-DL-3,
sweep,,611,LL,0.00,1,100,F-DL-4,
sweep,,611,LL,0.00,1,100,F-DL-5,
sweep,,611,LL,0.00,1,100,F611,
sweep,,611,LL,0.00,1,100,F632,
sweep,,611,LL,0.00,1,100,F633,
sweep,,611,LL,0.00,1,100,F634,
sweep,,611,LL,0.00,1,100,F645,
sweep,,611,LL,0.00,1,100,F646,
sweep,,611,LL,0.00,1,100,F652,
sweep,,611,LL,0.00,1,100,F671,
sweep,,611,LL,0.00,1,100,F671-1,
sweep,,611,LL,0.00,1,100,F671-2,
sweep,,611,LL,0.00,1,100,F675,
sweep,,611,LL,0.00,1,100,F684,
sweep,,611,LL,0.00,1,100,F692,
sweep,,611,LL,0.00,1,100,F692-R,
sweep,,611,LLG,0.00,1,100,R1,
sweep,,611,LLG,0.00,1,100,R2,
sweep,,611,LLG,0.00,1,100,F-DL,
sweep,,611,LLG,0.00,1,100,F-DL-2,
sweep,,611,LLG,0.00,1,100,F-DL-3,
sweep,,611,LLG,0.00,1,100,F-DL-4,
sweep,,611,LLG,0.00,1,100,F-DL-5,
sweep,,611,LLG,0.00,1,100,F611,
sweep,,611,LLG,0.00,1,100,F632,
sweep,,611,LLG,0.00,1,100,F633,
sweep,,611,LLG,0.00,1,100,F634,
sweep,,611,LLG,0.00,1,100,F645,
sweep,,611,LLG,0.00,1,100,F646,
sweep,,611,LLG,0.00,1,100,F652,
sweep,,611,LLG,0.00,1,100,F671,
sweep,,611,LLG,0.00,1,100,F671-1,
sweep,,611,LLG,0.00,1,100,F671-2,
sweep,,611,LLG,0.00,1,100,F675,
sweep,,611,LLG,0.00,1,100,F684,
sweep,,611,LLG,0.00,1,100,F692,
sweep,,611,LLG,0.00,1,100,F692-R,
sweep,,611,LLL,0.00,1,100,R1,
sweep,,611,LLL,0.00,1,100,R2,
sweep,,611,LLL,0.00,1,100,F-DL,
sweep,,611,LLL,0.00,1,100,F-DL-2,
sweep,,611,LLL,0.00,1,100,F-DL-3,
sweep,,611,LLL,0.00,1,100,F-DL-4,
sweep,,611,LLL,0.00,1,100,F-DL-5,
sweep,,611,LLL,0.00,1,100,F611,
sweep,,611,LLL,0.00,1,100,F632,
sweep,,611,LLL,0.00,1,100,F633,
sweep,,611,LLL,0.00,1,100,F634,
sweep,,611,LLL,0.00,1,100,F645,
sweep,,611,LLL,0.00,1,100,F646,
sweep,,611,LLL,0.00,1,100,F652,
sweep,,611,LLL,0.00,1,100,F671,
sweep,,611,LLL,0.00,1,100,F671-1,
sweep,,611,LLL,0.00,1,100,F671-2,
sweep,,611,LLL,0.00,1,100,F675,
sweep,,611,LLL,0.00,1,100,F684,
sweep,,611,LLL,0.00,1,100,F692,
sweep,,611,LLL,0.00,1,100,F692-R,
sweep,,652,LG,0.00,1,100,R1,1946.0
sweep,,652,LG,0.00,1,100,R2,1902.3
sweep,,652,LG,0.00,1,100,F-DL,12.3
sweep,,652,LG,0.00,1,100,F-DL-2,12.6
sweep,,652,LG,0.00,1,100,F-DL-3,13.2
sweep,,652,LG,0.00,1,100,F-DL-4,13.5
sweep,,652,LG,0.00,1,100,F-DL-5,12.9
sweep,,652,LG,0.00,1,100,F611,97.1
sweep,,652,LG,0.00,1,100,F632,151.3
sweep,,652,LG,0.00,1,100,F633,75.9
sweep,,652,LG,0.00,1,100,F634,596.0
sweep,,652,LG,0.00,1,100,F645,96.1
sweep,,652,LG,0.00,1,100,F646,66.4
sweep,,652,LG,0.00,1,100,F652,2309.6
sweep,,652,LG,0.00,1,100,F671,0.0
sweep,,652,LG,0.00,1,100,F671-1,595.4
sweep,,652,LG,0.00,1,100,F671-2,2309.6
sweep,,652,LG,0.00,1,100,F675,183.6
sweep,,652,LG,0.00,1,100,F684,88.5
sweep,,652,LG,0.00,1,100,F692,47.8
sweep,,652,LG,0.00,1,100,F692-R,148.3
sweep,,652,LL,0.00,1,100,R1,
sweep,,652,LL,0.00,1,100,R2,
sweep,,652,LL,0.00,1,100,F-DL,
sweep,,652,LL,0.00,1,100,F-DL-2,
sweep,,652,LL,0.00,1,100,F-DL-3,
sweep,,652,LL,0.00,1,100,F-DL-4,
sweep,,652,LL,0.00,1,100,F-DL-5,
sweep,,652,LL,0.00,1,100,F611,
sweep,,652,LL,0.00,1,100,F632,
sweep,,652,LL,0.00,1,100,F633,
sweep,,652,LL,0.00,1,100,F634,
sweep,,652,LL,0.00,1,100,F645,
sweep,,652,LL,0.00,1,100,F646,
sweep,,652,LL,0.00,1,100,F652,
sweep,,652,LL,0.00,1,100,F671,
sweep,,652,LL,0.00,1,100,F671-1,
sweep,,652,LL,0.00,1,100,F671-2,
sweep,,652,LL,0.00,1,100,F675,
sweep,,652,LL,0.00,1,100,F684,
sweep,,652,LL,0.00,1,100,F692,
sweep,,652,LL,0.00,1,100,F692-R,
sweep,,652,LLG,0.00,1,100,R1,
sweep,,652,LLG,0.00,1,100,R2,
sweep,,652,LLG,0.00,1,100,F-DL,
sweep,,652,LLG,0.00,1,100,F-DL-2,
sweep,,652,LLG,0.00,1,100,F-DL-3,
sweep,,652,LLG,0.00,1,100,F-DL-4,
sweep,,652,LLG,0.00,1,100,F-DL-5,
sweep,,652,LLG,0.00,1,100,F611,
sweep,,652,LLG,0.00,1,100,F632,
sweep,,652,LLG,0.00,1,100,F633,
sweep,,652,LLG,0.00,1,100,F634,
sweep,,652,LLG,0.00,1,100,F645,
sweep,,652,LLG,0.00,1,100,F646,
sweep,,652,LLG,0.00,1,100,F652,
sweep,,652,LLG,0.00,1,100,F671,
sweep,,652,LLG,0.00,1,100,F671-1,
sweep,,652,LLG,0.00,1,100,F671-2,
sweep,,652,LLG,0.00,1,100,F675,
sweep,,652,LLG,0.00,1,100,F684,
sweep,,652,LLG,0.00,1,100,F692,
sweep,,652,LLG,0.00,1,100,F692-R,
sweep,,652,LLL,0.00,1,100,R1,
sweep,,652,LLL,0.00,1,100,R2,
sweep,,652,LLL,0.00,1,100,F-DL,
sweep,,652,LLL,0.00,1,100,F-DL-2,
sweep,,652,LLL,0.00,1,100,F-DL-3,
sweep,,652,LLL,0.00,1,100,F-DL-4,
sweep,,652,LLL,0.00,1,100,F-DL-5,
sweep,,652,LLL,0.00,1,100,F611,
sweep,,652,LLL,0.00,1,100,F632,
sweep,,652,LLL,0.00,1,100,F633,
sweep,,652,LLL,0.00,1,100,F634,
sweep,,652,LLL,0.00,1,100,F645,
sweep,,652,LLL,0.00,1,100,F646,
sweep,,652,LLL,0.00,1,100,F652,
sweep,,652,LLL,0.00,1,100,F671,
sweep,,652,LLL,0.00,1,100,F671-1,
sweep,,652,LLL,0.00,1,100,F671-2,
sweep,,652,LLL,0.00,1,100,F675,
sweep,,652,LLL,0.00,1,100,F684,
sweep,,652,LLL,0.00,1,100,F692,
sweep,,652,LLL,0.00,1,100,F692-R,
sweep,,632,LG,0.00,0,100,R1,4691.4
sweep,,632,LG,0.00,0,100,R2,398.5
sweep,,632,LG,0.00,0,100,F-DL,13.2
sweep,,632,LG,0.00,0,100,F-DL-2,13.4
sweep,,632,LG,0.00,0,100,F-DL-3,13.7
sweep,,632,LG,0.00,0,100,F-DL-4,13.9
sweep,,632,LG,0.00,0,100,F-DL-5,13.5
sweep,,632,LG,0.00,0,100,F611,95.4
sweep,,632,LG,0.00,0,100,F632,150.6
sweep,,632,LG,0.00,0,100,F633,91.9
sweep,,632,LG,0.00,0,100,F634,655.7
sweep,,632,LG,0.00,0,100,F645,98.1
sweep,,632,LG,0.00,0,100,F646,65.7
sweep,,632,LG,0.00,0,100,F652,2.9
sweep,,632,LG,0.00,0,100,F671,0.0
sweep,,632,LG,0.00,0,100,F671-1,184.2
sweep,,632,LG,0.00,0,100,F671-2,86.7
sweep,,632,LG,0.00,0,100,F675,187.3
sweep,,632,LG,0.00,0,100,F684,86.7
sweep,,632,LG,0.00,0,100,F692,38.2
sweep,,632,LG,0.00,0,100,F692-R,151.7
sweep,,632,LL,0.00,0,100,R1,6679.8
sweep,,632,LL,0.00,0,100,R2,405.7
sweep,,632,LL,0.00,0,100,F-DL,11.2
sweep,,632,LL,0.00,0,100,F-DL-2,11.3
sweep,,632,LL,0.00,0,100,F-DL-3,11.5
sweep,,632,LL,0.00,0,100,F-DL-4,11.5
sweep,,632,LL,0.00,0,100,F-DL-5,11.4
sweep,,632,LL,0.00,0,100,F611,78.7
sweep,,632,LL,0.00,0,100,F632,95.6
sweep,,632,LL,0.00,0,100,F633,63.0
sweep,,632,LL,0.00,0,100,F634,544.5
sweep,,632,LL,0.00,0,100,F645,40.4
sweep,,632,LL,0.00,0,100,F646,55.3
sweep,,632,LL,0.00,0,100,F652,30.9
sweep,,632,LL,0.00,0,100,F671,0.0
sweep,,632,LL,0.00,0,100,F671-1,165.1
sweep,,632,LL,0.00,0,100,F671-2,71.6
sweep,,632,LL,0.00,0,100,F675,154.6
sweep,,632,LL,0.00,0,100,F684,71.6
sweep,,632,LL,0.00,0,100,F692,46.9
sweep,,632,LL,0.00,0,100,F692-R,125.2
sweep,,632,LLG,0.00,0,100,R1,6828.1
sweep,,632,LLG,0.00,0,100,R2,409.1
sweep,,632,LLG,0.00,0,100,F-DL,13.2
sweep,,632,LLG,0.00,0,100,F-DL-2,13.3
sweep,,632,LLG,0.00,0,100,F-DL-3,13.7
sweep,,632,LLG,0.00,0,100,F-DL-4,13.9
sweep,,632,LLG,0.00,0,100,F-DL-5,13.5
sweep,,632,LLG,0.00,0,100,F611,95.5
sweep,,632,LLG,0.00,0,100,F632,50.8
sweep,,632,LLG,0.00,0,100,F633,83.0
sweep,,632,LLG,0.00,0,100,F634,656.6
sweep,,632,LLG,0.00,0,100,F645,5.2
sweep,,632,LLG,0.00,0,100,F646,45.7
sweep,,632,LLG,0.00,0,100,F652,2.4
sweep,,632,LLG,0.00,0,100,F671,0.0
sweep,,632,LLG,0.00,0,100,F671-1,184.5
sweep,,632,LLG,0.00,0,100,F671-2,86.8
sweep,,632,LLG,0.00,0,100,F675,187.2
sweep,,632,LLG,0.00,0,100,F684,86.8
sweep,,632,LLG,0.00,0,100,F692,38.8
sweep,,632,LLG,0.00,0,100,F692-R,151.5
sweep,,632,LLL,0.00,0,100,R1,7302.5
sweep,,632,LLL,0.00,0,100,R2,0.8
sweep,,632,LLL,0.00,0,100,F-DL,0.1
sweep,,632,LLL,0.00,0,100,F-DL-2,0.1
sweep,,632,LLL,0.00,0,100,F-DL-3,0.0
sweep,,632,LLL,0.00,0,100,F-DL-4,0.0
sweep,,632,LLL,0.00,0,100,F-DL-5,0.1
sweep,,632,LLL,0.00,0,100,F611,0.2
sweep,,632,LLL,0.00,0,100,F632,0.5
sweep,,632,LLL,0.00,0,100,F633,0.3
sweep,,632,LLL,0.00,0,100,F634,2.0
sweep,,632,LLL,0.00,0,100,F645,0.5
sweep,,632,LLL,0.00,0,100,F646,0.0
sweep,,632,LLL,0.00,0,100,F652,0.2
sweep,,632,LLL,0.00,0,100,F671,0.0
sweep,,632,LLL,0.00,0,100,F671-1,0.6
sweep,,632,LLL,0.00,0,100,F671-2,0.2
sweep,,632,LLL,0.00,0,100,F675,0.6
sweep,,632,LLL,0.00,0,100,F684,0.2
sweep,,632,LLL,0.00,0,100,F692,0.0
sweep,,632,LLL,0.00,0,100,F692-R,0.6
sweep,,633,LG,0.00,0,100,R1,3941.7
sweep,,633,LG,0.00,0,100,R2,401.2
sweep,,633,LG,0.00,0,100,F-DL,12.9
sweep,,633,LG,0.00,0,100,F-DL-2,13.0
sweep,,633,LG,0.00,0,100,F-DL-3,13.2
sweep,,633,LG,0.00,0,100,F-DL-4,13.3
sweep,,633,LG,0.00,0,100,F-DL-5,13.1
sweep,,633,LG,0.00,0,100,F611,90.7
sweep,,633,LG,0.00,0,100,F632,152.2
sweep,,633,LG,0.00,0,100,F633,3756.0
sweep,,633,LG,0.00,0,100,F634,649.3
sweep,,633,LG,0.00,0,100,F645,99.3
sweep,,633,LG,0.00,0,100,F646,65.8
sweep,,633,LG,0.00,0,100,F652,13.6
sweep,,633,LG,0.00,0,100,F671,0.0
sweep,,633,LG,0.00,0,100,F671-1,181.2
sweep,,633,LG,0.00,0,100,F671-2,82.5
sweep,,633,LG,0.00,0,100,F675,178.1
sweep,,633,LG,0.00,0,100,F684,82.5
sweep,,633,LG,0.00,0,100,F692,41.8
sweep,,633,LG,0.00,0,100,F692-R,144.2
sweep,,633,LL,0.00,0,100,R1,5326.9
sweep,,633,LL,0.00,0,100,R2,409.7
sweep,,633,LL,0.00,0,100,F-DL,11.1
sweep,,633,LL,0.00,0,100,F-DL-2,11.2
sweep,,633,LL,0.00,0,100,F-DL-3,11.4
sweep,,633,LL,0.00,0,100,F-DL-4,11.5
sweep,,633,LL,0.00,0,100,F-DL-5,11.3
sweep,,633,LL,0.00,0,100,F611,78.4
sweep,,633,LL,0.00,0,100,F632,90.2
sweep,,633,LL,0.00,0,100,F633,5060.2
sweep,,633,LL,0.00,0,100,F634,538.2
sweep,,633,LL,0.00,0,100,F645,38.8
sweep,,633,LL,0.00,0,100,F646,53.3
sweep,,633,LL,0.00,0,100,F652,37.4
sweep,,633,LL,0.00,0,100,F671,0.0
sweep,,633,LL,0.00,0,100,F671-1,169.2
sweep,,633,LL,0.00,0,100,F671-2,71.3
sweep,,633,LL,0.00,0,100,F675,154.0
sweep,,633,LL,0.00,0,100,F684,71.3
sweep,,633,LL,0.00,0,100,F692,49.4
sweep,,633,LL,0.00,0,100,F692-R,124.7
sweep,,633,LLG,0.00,0,100,R1,5428.8
sweep,,633,LLG,0.00,0,100,R2,411.4
sweep,,633,LLG,0.00,0,100,F-DL,13.1
sweep,,633,LLG,0.00,0,100,F-DL-2,13.2
sweep,,633,LLG,0.00,0,100,F-DL-3,13.4
sweep,,633,LLG,0.00,0,100,F-DL-4,13.5
sweep,,633,LLG,0.00,0,100,F-DL-5,13.3
sweep,,633,LLG,0.00,0,100,F611,92.4
sweep,,633,LLG,0.00,0,100,F632,52.3
sweep,,633,LLG,0.00,0,100,F633,5249.7
sweep,,633,LLG,0.00,0,100,F634,659.5
sweep,,633,LLG,0.00,0,100,F645,17.9
sweep,,633,LLG,0.00,0,100,F646,45.5
sweep,,633,LLG,0.00,0,100,F652,15.8
sweep,,633,LLG,0.00,0,100,F671,0.0
sweep,,633,LLG,0.00,0,100,F671-1,185.1
sweep,,633,LLG,0.00,0,100,F671-2,84.0
sweep,,633,LLG,0.00,0,100,F675,181.3
sweep,,633,LLG,0.00,0,100,F684,84.0
sweep,,633,LLG,0.00,0,100,F692,42.6
sweep,,633,LLG,0.00,0,100,F692-R,146.8
sweep,,633,LLL,0.00,0,100,R1,5875.8
sweep,,633,LLL,0.00,0,100,R2,102.6
sweep,,633,LLL,0.00,0,100,F-DL,2.6
sweep,,633,LLL,0.00,0,100,F-DL-2,2.6
sweep,,633,LLL,0.00,0,100,F-DL-3,2.7
sweep,,633,LLL,0.00,0,100,F-DL-4,2.7
sweep,,633,LLL,0.00,0,100,F-DL-5,2.7
sweep,,633,LLL,0.00,0,100,F611,18.2
sweep,,633,LLL,0.00,0,100,F632,32.6
sweep,,633,LLL,0.00,0,100,F633,5778.2
sweep,,633,LLL,0.00,0,100,F634,0.0
sweep,,633,LLL,0.00,0,100,F645,19.3
sweep,,633,LLL,0.00,0,100,F646,15.0
sweep,,633,LLL,0.00,0,100,F652,13.7
sweep,,633,LLL,0.00,0,100,F671,0.0
sweep,,633,LLL,0.00,0,100,F671-1,49.2
sweep,,633,LLL,0.00,0,100,F671-2,16.5
sweep,,633,LLL,0.00,0,100,F675,48.0
sweep,,633,LLL,0.00,0,100,F684,16.5
sweep,,633,LLL,0.00,0,100,F692,11.9
sweep,,633,LLL,0.00,0,100,F692-R,44.7
sweep,,634,LG,0.00,0,100,R1,1942.3
sweep,,634,LG,0.00,0,100,R2,470.8
sweep,,634,LG,0.00,0,100,F-DL,11.8
sweep,,634,LG,0.00,0,100,F-DL-2,11.8
sweep,,634,LG,0.00,0,100,F-DL-3,12.0
sweep,,634,LG,0.00,0,100,F-DL-4,12.0
sweep,,634,LG,0.00,0,100,F-DL-5,11.9
sweep,,634,LG,0.00,0,100,F611,82.0
sweep,,634,LG,0.00,0,100,F632,103.2
sweep,,634,LG,0.00,0,100,F633,1737.1
sweep,,634,LG,0.00,0,100,F634,15149.2
sweep,,634,LG,0.00,0,100,F645,54.6
sweep,,634,LG,0.00,0,100,F646,56.1
sweep,,634,LG,0.00,0,100,F652,66.7
sweep,,634,LG,0.00,0,100,F671,0.0
sweep,,634,LG,0.00,0,100,F671-1,237.0
sweep,,634,LG,0.00,0,100,F671-2,74.5
sweep,,634,LG,0.00,0,100,F675,234.3
sweep,,634,LG,0.00,0,100,F684,74.5
sweep,,634,LG,0.00,0,100,F692,54.1
sweep,,634,LG,0.00,0,100,F692-R,218.2
sweep,,634,LL,0.00,0,100,R1,2185.0
sweep,,634,LL,0.00,0,100,R2,415.3
sweep,,634,LL,0.00,0,100,F-DL,11.1
sweep,,634,LL,0.00,0,100,F-DL-2,11.2
sweep,,634,LL,0.00,0,100,F-DL-3,11.4
sweep,,634,LL,0.00,0,100,F-DL-4,11.4
sweep,,634,LL,0.00,0,100,F-DL-5,11.3
sweep,,634,LL,0.00,0,100,F611,77.9
sweep,,634,LL,0.00,0,100,F632,119.9
sweep,,634,LL,0.00,0,100,F633,1783.4
sweep,,634,LL,0.00,0,100,F634,15458.3
sweep,,634,LL,0.00,0,100,F645,66.5
sweep,,634,LL,0.00,0,100,F646,59.7
sweep,,634,LL,0.00,0,100,F652,52.0
sweep,,634,LL,0.00,0,100,F671,0.0
sweep,,634,LL,0.00,0,100,F671-1,195.4
sweep,,634,LL,0.00,0,100,F671-2,70.8
sweep,,634,LL,0.00,0,100,F675,182.7
sweep,,634,LL,0.00,0,100,F684,70.8
sweep,,634,LL,0.00,0,100,F692,52.0
sweep,,634,LL,0.00,0,100,F692-R,170.1
sweep,,634,LLG,0.00,0,100,R1,2222.5
sweep,,634,LLG,0.00,0,100,R2,416.1
sweep,,634,LLG,0.00,0,100,F-DL,12.2
sweep,,634,LLG,0.00,0,100,F-DL-2,12.3
sweep,,634,LLG,0.00,0,100,F-DL-3,12.4
sweep,,634,LLG,0.00,0,100,F-DL-4,12.5
sweep,,634,LLG,0.00,0,100,F-DL-5,12.4
sweep,,634,LLG,0.00,0,100,F611,85.4
sweep,,634,LLG,0.00,0,100,F632,104.8
sweep,,634,LLG,0.00,0,100,F633,1942.3
sweep,,634,LLG,0.00,0,100,F634,16905.1
sweep,,634,LLG,0.00,0,100,F645,58.9
sweep,,634,LLG,0.00,0,100,F646,56.0
sweep,,634,LLG,0.00,0,100,F652,44.2
sweep,,634,LLG,0.00,0,100,F671,0.0
sweep,,634,LLG,0.00,0,100,F671-1,183.2
sweep,,634,LLG,0.00,0,100,F671-2,77.6
sweep,,634,LLG,0.00,0,100,F675,167.6
sweep,,634,LLG,0.00,0,100,F684,77.6
sweep,,634,LLG,0.00,0,100,F692,48.5
sweep,,634,LLG,0.00,0,100,F692-R,144.6
sweep,,634,LLL,0.00,0,100,R1,2311.2
sweep,,634,LLL,0.00,0,100,R2,340.6
sweep,,634,LLL,0.00,0,100,F-DL,8.0
sweep,,634,LLL,0.00,0,100,F-DL-2,8.1
sweep,,634,LLL,0.00,0,100,F-DL-3,8.2
sweep,,634,LLL,0.00,0,100,F-DL-4,8.2
sweep,,634,LLL,0.00,0,100,F-DL-5,8.1
sweep,,634,LLL,0.00,0,100,F611,55.8
sweep,,634,LLL,0.00,0,100,F632,102.6
sweep,,634,LLL,0.00,0,100,F633,2043.3
sweep,,634,LLL,0.00,0,100,F634,17708.4
sweep,,634,LLL,0.00,0,100,F645,61.4
sweep,,634,LLL,0.00,0,100,F646,46.6
sweep,,634,LLL,0.00,0,100,F652,45.5
sweep,,634,LLL,0.00,0,100,F671,0.0
sweep,,634,LLL,0.00,0,100,F671-1,165.5
sweep,,634,LLL,0.00,0,100,F671-2,50.7
sweep,,634,LLL,0.00,0,100,F675,159.7
sweep,,634,LLL,0.00,0,100,F684,50.7
sweep,,634,LLL,0.00,0,100,F692,39.0
sweep,,634,LLL,0.00,0,100,F692-R,148.7
sweep,,645,LG,0.00,0,100,R1,3533.6
sweep,,645,LG,0.00,0,100,R2,486.1
sweep,,645,LG,0.00,0,100,F-DL,6.7
sweep,,645,LG,0.00,0,100,F-DL-2,6.7
sweep,,645,LG,0.00,0,100,F-DL-3,6.7
sweep,,645,LG,0.00,0,100,F-DL-4,6.7
sweep,,645,LG,0.00,0,100,F-DL-5,6.7
sweep,,645,LG,0.00,0,100,F611,22.5
sweep,,645,LG,0.00,0,100,F632,3340.0
sweep,,645,LG,0.00,0,100,F633,89.2
sweep,,645,LG,0.00,0,100,F634,791.1
sweep,,645,LG,0.00,0,100,F645,93.3
sweep,,645,LG,0.00,0,100,F646,44.1
sweep,,645,LG,0.00,0,100,F652,70.1
sweep,,645,LG,0.00,0,100,F671,0.0
sweep,,645,LG,0.00,0,100,F671-1,255.9
sweep,,645,LG,0.00,0,100,F671-2,70.1
sweep,,645,LG,0.00,0,100,F675,245.9
sweep,,645,LG,0.00,0,100,F684,20.5
sweep,,645,LG,0.00,0,100,F692,40.7
sweep,,645,LG,0.00,0,100,F692-R,229.0
sweep,,645,LL,0.00,0,100,R1,4478.9
sweep,,645,LL,0.00,0,100,R2,462.5
sweep,,645,LL,0.00,0,100,F-DL,5.0
sweep,,645,LL,0.00,0,100,F-DL-2,5.0
sweep,,645,LL,0.00,0,100,F-DL-3,5.1
sweep,,645,LL,0.00,0,100,F-DL-4,5.2
sweep,,645,LL,0.00,0,100,F-DL-5,5.1
sweep,,645,LL,0.00,0,100,F611,35.2
sweep,,645,LL,0.00,0,100,F632,4312.3
sweep,,645,LL,0.00,0,100,F633,79.2
sweep,,645,LL,0.00,0,100,F634,688.5
sweep,,645,LL,0.00,0,100,F645,42.4
sweep,,645,LL,0.00,0,100,F646,0.0
sweep,,645,LL,0.00,0,100,F652,60.8
sweep,,645,LL,0.00,0,100,F671,0.0
sweep,,645,LL,0.00,0,100,F671-1,228.3
sweep,,645,LL,0.00,0,100,F671-2,60.8
sweep,,645,LL,0.00,0,100,F675,213.6
sweep,,645,LL,0.00,0,100,F684,32.0
sweep,,645,LL,0.00,0,100,F692,43.1
sweep,,645,LL,0.00,0,100,F692-R,198.9
sweep,,645,LLG,0.00,0,100,R1,4633.9
sweep,,645,LLG,0.00,0,100,R2,484.8
sweep,,645,LLG,0.00,0,100,F-DL,2.8
sweep,,645,LLG,0.00,0,100,F-DL-2,2.8
sweep,,645,LLG,0.00,0,100,F-DL-3,2.8
sweep,,645,LLG,0.00,0,100,F-DL-4,2.8
sweep,,645,LLG,0.00,0,100,F-DL-5,2.8
sweep,,645,LLG,0.00,0,100,F611,18.6
sweep,,645,LLG,0.00,0,100,F632,4544.5
sweep,,645,LLG,0.00,0,100,F633,99.5
sweep,,645,LLG,0.00,0,100,F634,817.3
sweep,,645,LLG,0.00,0,100,F645,10.5
sweep,,645,LLG,0.00,0,100,F646,0.0
sweep,,645,LLG,0.00,0,100,F652,72.6
sweep,,645,LLG,0.00,0,100,F671,0.0
sweep,,645,LLG,0.00,0,100,F671-1,262.2
sweep,,645,LLG,0.00,0,100,F671-2,72.6
sweep,,645,LLG,0.00,0,100,F675,254.9
sweep,,645,LLG,0.00,0,100,F684,16.9
sweep,,645,LLG,0.00,0,100,F692,38.0
sweep,,645,LLG,0.00,0,100,F692-R,237.4
sweep,,645,LLL,0.00,0,100,R1,
sweep,,645,LLL,0.00,0,100,R2,
sweep,,645,LLL,0.00,0,100,F-DL,
sweep,,645,LLL,0.00,0,100,F-DL-2,
sweep,,645,LLL,0.00,0,100,F-DL-3,
sweep,,645,LLL,0.00,0,100,F-DL-4,
sweep,,645,LLL,0.00,0,100,F-DL-5,
sweep,,645,LLL,0.00,0,100,F611,
sweep,,645,LLL,0.00,0,100,F632,
sweep,,645,LLL,0.00,0,100,F633,
sweep,,645,LLL,0.00,0,100,F634,
sweep,,645,LLL,0.00,0,100,F645,
sweep,,645,LLL,0.00,0,100,F646,
sweep,,645,LLL,0.00,0,100,F652,
sweep,,645,LLL,0.00,0,100,F671,
sweep,,645,LLL,0.00,0,100,F671-1,
sweep,,645,LLL,0.00,0,100,F671-2,
sweep,,645,LLL,0.00,0,100,F675,
sweep,,645,LLL,0.00,0,100,F684,
sweep,,645,LLL,0.00,0,100,F692,
sweep,,645,LLL,0.00,0,100,F692-R,
sweep,,646,LG,0.00,0,100,R1,3109.3
sweep,,646,LG,0.00,0,100,R2,483.6
sweep,,646,LG,0.00,0,100,F-DL,6.6
sweep,,646,LG,0.00,0,100,F-DL-2,6.6
sweep,,646,LG,0.00,0,100,F-DL-3,6.6
sweep,,646,LG,0.00,0,100,F-DL-4,6.6
sweep,,646,LG,0.00,0,100,F-DL-5,6.6
sweep,,646,LG,0.00,0,100,F611,30.7
sweep,,646,LG,0.00,0,100,F632,2871.9
sweep,,646,LG,0.00,0,100,F633,88.4
sweep,,646,LG,0.00,0,100,F634,781.7
sweep,,646,LG,0.00,0,100,F645,91.6
sweep,,646,LG,0.00,0,100,F646,2871.9
sweep,,646,LG,0.00,0,100,F652,69.3
sweep,,646,LG,0.00,0,100,F671,0.0
sweep,,646,LG,0.00,0,100,F671-1,252.5
sweep,,646,LG,0.00,0,100,F671-2,69.3
sweep,,646,LG,0.00,0,100,F675,243.1
sweep,,646,LG,0.00,0,100,F684,27.9
sweep,,646,LG,0.00,0,100,F692,42.3
sweep,,646,LG,0.00,0,100,F692-R,226.4
sweep,,646,LL,0.00,0,100,R1,3888.4
sweep,,646,LL,0.00,0,100,R2,460.7
sweep,,646,LL,0.00,0,100,F-DL,5.5
sweep,,646,LL,0.00,0,100,F-DL-2,5.5
sweep,,646,LL,0.00,0,100,F-DL-3,5.6
sweep,,646,LL,0.00,0,100,F-DL-4,5.6
sweep,,646,LL,0.00,0,100,F-DL-5,5.5
sweep,,646,LL,0.00,0,100,F611,38.2
sweep,,646,LL,0.00,0,100,F632,3703.4
sweep,,646,LL,0.00,0,100,F633,79.1
sweep,,646,LL,0.00,0,100,F634,688.7
sweep,,646,LL,0.00,0,100,F645,48.5
sweep,,646,LL,0.00,0,100,F646,3675.9
sweep,,646,LL,0.00,0,100,F652,60.8
sweep,,646,LL,0.00,0,100,F671,0.0
sweep,,646,LL,0.00,0,100,F671-1,226.2
sweep,,646,LL,0.00,0,100,F671-2,60.8
sweep,,646,LL,0.00,0,100,F675,213.7
sweep,,646,LL,0.00,0,100,F684,34.8
sweep,,646,LL,0.00,0,100,F692,43.0
sweep,,646,LL,0.00,0,100,F692-R,199.0
sweep,,646,LLG,0.00,0,100,R1,4092.4
sweep,,646,LLG,0.00,0,100,R2,479.5
sweep,,646,LLG,0.00,0,100,F-DL,4.0
sweep,,646,LLG,0.00,0,100,F-DL-2,4.0
sweep,,646,LLG,0.00,0,100,F-DL-3,4.0
sweep,,646,LLG,0.00,0,100,F-DL-4,4.0
sweep,,646,LLG,0.00,0,100,F-DL-5,4.0
sweep,,646,LLG,0.00,0,100,F611,27.2
sweep,,646,LLG,0.00,0,100,F632,3943.2
sweep,,646,LLG,0.00,0,100,F633,96.7
sweep,,646,LLG,0.00,0,100,F634,799.2
sweep,,646,LLG,0.00,0,100,F645,23.2
sweep,,646,LLG,0.00,0,100,F646,3943.2
sweep,,646,LLG,0.00,0,100,F652,71.0
sweep,,646,LLG,0.00,0,100,F671,0.0
sweep,,646,LLG,0.00,0,100,F671-1,255.0
sweep,,646,LLG,0.00,0,100,F671-2,71.0
sweep,,646,LLG,0.00,0,100,F675,249.2
sweep,,646,LLG,0.00,0,100,F684,24.7
sweep,,646,LLG,0.00,0,100,F692,38.8
sweep,,646,LLG,0.00,0,100,F692-R,232.0
sweep,,646,LLL,0.00,0,100,R1,
sweep,,646,LLL,0.00,0,100,R2,
sweep,,646,LLL,0.00,0,100,F-DL,
sweep,,646,LLL,0.00,0,100,F-DL-2,
sweep,,646,LLL,0.00,0,100,F-DL-3,
sweep,,646,LLL,0.00,0,100,F-DL-4,
sweep,,646,LLL,0.00,0,100,F-DL-5,
sweep,,646,LLL,0.00,0,100,F611,
sweep,,646,LLL,0.00,0,100,F632,
sweep,,646,LLL,0.00,0,100,F633,
sweep,,646,LLL,0.00,0,100,F634,
sweep,,646,LLL,0.00,0,100,F645,
sweep,,646,LLL,0.00,0,100,F646,
sweep,,646,LLL,0.00,0,100,F652,
sweep,,646,LLL,0.00,0,100,F671,
sweep,,646,LLL,0.00,0,100,F671-1,
sweep,,646,LLL,0.00,0,100,F671-2,
sweep,,646,LLL,0.00,0,100,F675,
sweep,,646,LLL,0.00,0,100,F684,
sweep,,646,LLL,0.00,0,100,F692,
sweep,,646,LLL,0.00,0,100,F692-R,
sweep,,nDL,LG,0.00,0,100,R1,3397.1
sweep,,nDL,LG,0.00,0,100,R2,490.4
sweep,,nDL,LG,0.00,0,100,F-DL,12.1
sweep,,nDL,LG,0.00,0,100,F-DL-2,12.3
sweep,,nDL,LG,0.00,0,100,F-DL-3,12.8
sweep,,nDL,LG,0.00,0,100,F-DL-4,13.1
sweep,,nDL,LG,0.00,0,100,F-DL-5,12.6
sweep,,nDL,LG,0.00,0,100,F611,90.2
sweep,,nDL,LG,0.00,0,100,F632,72.3
sweep,,nDL,LG,0.00,0,100,F633,105.3
sweep,,nDL,LG,0.00,0,100,F634,816.5
sweep,,nDL,LG,0.00,0,100,F645,28.0
sweep,,nDL,LG,0.00,0,100,F646,49.3
sweep,,nDL,LG,0.00,0,100,F652,79.0
sweep,,nDL,LG,0.00,0,100,F671,0.0
sweep,,nDL,LG,0.00,0,100,F671-1,269.9
sweep,,nDL,LG,0.00,0,100,F671-2,82.1
sweep,,nDL,LG,0.00,0,100,F675,277.4
sweep,,nDL,LG,0.00,0,100,F684,82.1
sweep,,nDL,LG,0.00,0,100,F692,53.9
sweep,,nDL,LG,0.00,0,100,F692-R,258.3
sweep,,nDL,LL,0.00,0,100,R1,5109.7
sweep,,nDL,LL,0.00,0,100,R2,404.6
sweep,,nDL,LL,0.00,0,100,F-DL,11.2
sweep,,nDL,LL,0.00,0,100,F-DL-2,11.3
sweep,,nDL,LL,0.00,0,100,F-DL-3,11.4
sweep,,nDL,LL,0.00,0,100,F-DL-4,11.5
sweep,,nDL,LL,0.00,0,100,F-DL-5,11.3
sweep,,nDL,LL,0.00,0,100,F611,78.5
sweep,,nDL,LL,0.00,0,100,F632,96.9
sweep,,nDL,LL,0.00,0,100,F633,63.0
sweep,,nDL,LL,0.00,0,100,F634,544.9
sweep,,nDL,LL,0.00,0,100,F645,43.3
sweep,,nDL,LL,0.00,0,100,F646,55.4
sweep,,nDL,LL,0.00,0,100,F652,30.9
sweep,,nDL,LL,0.00,0,100,F671,0.0
sweep,,nDL,LL,0.00,0,100,F671-1,164.7
sweep,,nDL,LL,0.00,0,100,F671-2,71.4
sweep,,nDL,LL,0.00,0,100,F675,154.2
sweep,,nDL,LL,0.00,0,100,F684,71.4
sweep,,nDL,LL,0.00,0,100,F692,46.8
sweep,,nDL,LL,0.00,0,100,F692-R,124.9
sweep,,nDL,LLG,0.00,0,100,R1,5176.8
sweep,,nDL,LLG,0.00,0,100,R2,412.5
sweep,,nDL,LLG,0.00,0,100,F-DL,12.8
sweep,,nDL,LLG,0.00,0,100,F-DL-2,13.1
sweep,,nDL,LLG,0.00,0,100,F-DL-3,13.6
sweep,,nDL,LLG,0.00,0,100,F-DL-4,13.9
sweep,,nDL,LLG,0.00,0,100,F-DL-5,13.3
sweep,,nDL,LLG,0.00,0,100,F611,96.2
sweep,,nDL,LLG,0.00,0,100,F632,66.2
sweep,,nDL,LLG,0.00,0,100,F633,76.4
sweep,,nDL,LLG,0.00,0,100,F634,621.0
sweep,,nDL,LLG,0.00,0,100,F645,22.0
sweep,,nDL,LLG,0.00,0,100,F646,49.1
sweep,,nDL,LLG,0.00,0,100,F652,2.5
sweep,,nDL,LLG,0.00,0,100,F671,0.0
sweep,,nDL,LLG,0.00,0,100,F671-1,185.9
sweep,,nDL,LLG,0.00,0,100,F671-2,87.4
sweep,,nDL,LLG,0.00,0,100,F675,188.5
sweep,,nDL,LLG,0.00,0,100,F684,87.4
sweep,,nDL,LLG,0.00,0,100,F692,39.2
sweep,,nDL,LLG,0.00,0,100,F692-R,152.6
sweep,,nDL,LLL,0.00,0,100,R1,5539.9
sweep,,nDL,LLL,0.00,0,100,R2,1.1
sweep,,nDL,LLL,0.00,0,100,F-DL,2.1
sweep,,nDL,LLL,0.00,0,100,F-DL-2,1.1
sweep,,nDL,LLL,0.00,0,100,F-DL-3,0.1
sweep,,nDL,LLL,0.00,0,100,F-DL-4,0.1
sweep,,nDL,LLL,0.00,0,100,F-DL-5,0.1
sweep,,nDL,LLL,0.00,0,100,F611,0.3
sweep,,nDL,LLL,0.00,0,100,F632,35.6
sweep,,nDL,LLL,0.00,0,100,F633,21.0
sweep,,nDL,LLL,0.00,0,100,F634,181.3
sweep,,nDL,LLL,0.00,0,100,F645,20.7
sweep,,nDL,LLL,0.00,0,100,F646,16.9
sweep,,nDL,LLL,0.00,0,100,F652,0.3
sweep,,nDL,LLL,0.00,0,100,F671,0.0
sweep,,nDL,LLL,0.00,0,100,F671-1,0.9
sweep,,nDL,LLL,0.00,0,100,F671-2,0.3
sweep,,nDL,LLL,0.00,0,100,F675,0.9
sweep,,nDL,LLL,0.00,0,100,F684,0.3
sweep,,nDL,LLL,0.00,0,100,F692,0.0
sweep,,nDL,LLL,0.00,0,100,F692-R,0.9
sweep,,671,LG,0.00,0,100,R1,2824.1
sweep,,671,LG,0.00,0,100,R2,2753.7
sweep,,671,LG,0.00,0,100,F-DL,12.1
sweep,,671,LG,0.00,0,100,F-DL-2,12.4
sweep,,671,LG,0.00,0,100,F-DL-3,13.0
sweep,,671,LG,0.00,0,100,F-DL-4,13.4
sweep,,671,LG,0.00,0,100,F-DL-5,12.7
sweep,,671,LG,0.00,0,100,F611,92.7
sweep,,671,LG,0.00,0,100,F632,83.0
sweep,,671,LG,0.00,0,100,F633,100.3
sweep,,671,LG,0.00,0,100,F634,792.2
sweep,,671,LG,0.00,0,100,F645,37.4
sweep,,671,LG,0.00,0,100,F646,51.8
sweep,,671,LG,0.00,0,100,F652,79.9
sweep,,671,LG,0.00,0,100,F671,0.0
sweep,,671,LG,0.00,0,100,F671-1,271.5
sweep,,671,LG,0.00,0,100,F671-2,84.3
sweep,,671,LG,0.00,0,100,F675,280.8
sweep,,671,LG,0.00,0,100,F684,84.3
sweep,,671,LG,0.00,0,100,F692,53.7
sweep,,671,LG,0.00,0,100,F692-R,261.4
sweep,,671,LL,0.00,0,100,R1,4153.1
sweep,,671,LL,0.00,0,100,R2,4101.6
sweep,,671,LL,0.00,0,100,F-DL,11.2
sweep,,671,LL,0.00,0,100,F-DL-2,11.3
sweep,,671,LL,0.00,0,100,F-DL-3,11.4
sweep,,671,LL,0.00,0,100,F-DL-4,11.5
sweep,,671,LL,0.00,0,100,F-DL-5,11.4
sweep,,671,LL,0.00,0,100,F611,78.4
sweep,,671,LL,0.00,0,100,F632,101.8
sweep,,671,LL,0.00,0,100,F633,63.0
sweep,,671,LL,0.00,0,100,F634,545.4
sweep,,671,LL,0.00,0,100,F645,48.9
sweep,,671,LL,0.00,0,100,F646,56.4
sweep,,671,LL,0.00,0,100,F652,30.9
sweep,,671,LL,0.00,0,100,F671,0.0
sweep,,671,LL,0.00,0,100,F671-1,164.5
sweep,,671,LL,0.00,0,100,F671-2,71.3
sweep,,671,LL,0.00,0,100,F675,154.0
sweep,,671,LL,0.00,0,100,F684,71.3
sweep,,671,LL,0.00,0,100,F692,46.8
sweep,,671,LL,0.00,0,100,F692-R,124.7
sweep,,671,LLG,0.00,0,100,R1,4242.2
sweep,,671,LLG,0.00,0,100,R2,4204.6
sweep,,671,LLG,0.00,0,100,F-DL,12.7
sweep,,671,LLG,0.00,0,100,F-DL-2,13.0
sweep,,671,LLG,0.00,0,100,F-DL-3,13.7
sweep,,671,LLG,0.00,0,100,F-DL-4,14.1
sweep,,671,LLG,0.00,0,100,F-DL-5,13.4
sweep,,671,LLG,0.00,0,100,F611,97.7
sweep,,671,LLG,0.00,0,100,F632,78.5
sweep,,671,LLG,0.00,0,100,F633,73.9
sweep,,671,LLG,0.00,0,100,F634,606.3
sweep,,671,LLG,0.00,0,100,F645,34.3
sweep,,671,LLG,0.00,0,100,F646,51.5
sweep,,671,LLG,0.00,0,100,F652,0.1
sweep,,671,LLG,0.00,0,100,F671,0.0
sweep,,671,LLG,0.00,0,100,F671-1,187.6
sweep,,671,LLG,0.00,0,100,F671-2,88.8
sweep,,671,LLG,0.00,0,100,F675,191.5
sweep,,671,LLG,0.00,0,100,F684,88.8
sweep,,671,LLG,0.00,0,100,F692,39.0
sweep,,671,LLG,0.00,0,100,F692-R,155.0
sweep,,671,LLL,0.00,0,100,R1,4464.4
sweep,,671,LLL,0.00,0,100,R2,4433.0
sweep,,671,LLL,0.00,0,100,F-DL,4.0
sweep,,671,LLL,0.00,0,100,F-DL-2,3.3
sweep,,671,LLL,0.00,0,100,F-DL-3,1.7
sweep,,671,LLL,0.00,0,100,F-DL-4,0.8
sweep,,671,LLL,0.00,0,100,F-DL-5,2.5
sweep,,671,LLL,0.00,0,100,F611,0.0
sweep,,671,LLL,0.00,0,100,F632,57.3
sweep,,671,LLL,0.00,0,100,F633,33.8
sweep,,671,LLL,0.00,0,100,F634,292.7
sweep,,671,LLL,0.00,0,100,F645,33.5
sweep,,671,LLL,0.00,0,100,F646,26.9
sweep,,671,LLL,0.00,0,100,F652,0.0
sweep,,671,LLL,0.00,0,100,F671,0.0
sweep,,671,LLL,0.00,0,100,F671-1,0.0
sweep,,671,LLL,0.00,0,100,F671-2,0.0
sweep,,671,LLL,0.00,0,100,F675,0.0
sweep,,671,LLL,0.00,0,100,F684,0.0
sweep,,671,LLL,0.00,0,100,F692,0.0
sweep,,671,LLL,0.00,0,100,F692-R,0.0
sweep,,692,LG,0.00,0,100,R1,2824.1
sweep,,692,LG,0.00,0,100,R2,2753.7
sweep,,692,LG,0.00,0,100,F-DL,12.1
sweep,,692,LG,0.00,0,100,F-DL-2,12.4
sweep,,692,LG,0.00,0,100,F-DL-3,13.0
sweep,,692,LG,0.00,0,100,F-DL-4,13.4
sweep,,692,LG,0.00,0,100,F-DL-5,12.7
sweep,,692,LG,0.00,0,100,F611,92.7
sweep,,692,LG,0.00,0,100,F632,83.0
sweep,,692,LG,0.00,0,100,F633,100.3
sweep,,692,LG,0.00,0,100,F634,792.2
sweep,,692,LG,0.00,0,100,F645,37.4
sweep,,692,LG,0.00,0,100,F646,51.8
sweep,,692,LG,0.00,0,100,F652,79.9
sweep,,692,LG,0.00,0,100,F671,0.0
sweep,,692,LG,0.00,0,100,F671-1,2665.4
sweep,,692,LG,0.00,0,100,F671-2,84.3
sweep,,692,LG,0.00,0,100,F675,280.8
sweep,,692,LG,0.00,0,100,F684,84.3
sweep,,692,LG,0.00,0,100,F692,53.7
sweep,,692,LG,0.00,0,100,F692-R,261.4
sweep,,692,LL,0.00,0,100,R1,4153.1
sweep,,692,LL,0.00,0,100,R2,4101.6
sweep,,692,LL,0.00,0,100,F-DL,11.2
sweep,,692,LL,0.00,0,100,F-DL-2,11.3
sweep,,692,LL,0.00,0,100,F-DL-3,11.4
sweep,,692,LL,0.00,0,100,F-DL-4,11.5
sweep,,692,LL,0.00,0,100,F-DL-5,11.4
sweep,,692,LL,0.00,0,100,F611,78.4
sweep,,692,LL,0.00,0,100,F632,101.8
sweep,,692,LL,0.00,0,100,F633,63.0
sweep,,692,LL,0.00,0,100,F634,545.4
sweep,,692,LL,0.00,0,100,F645,48.9
sweep,,692,LL,0.00,0,100,F646,56.4
sweep,,692,LL,0.00,0,100,F652,30.9
sweep,,692,LL,0.00,0,100,F671,0.0
sweep,,692,LL,0.00,0,100,F671-1,4025.1
sweep,,692,LL,0.00,0,100,F671-2,71.3
sweep,,692,LL,0.00,0,100,F675,154.0
sweep,,692,LL,0.00,0,100,F684,71.3
sweep,,692,LL,0.00,0,100,F692,46.8
sweep,,692,LL,0.00,0,100,F692-R,124.7
sweep,,692,LLG,0.00,0,100,R1,4242.2
sweep,,692,LLG,0.00,0,100,R2,4204.6
sweep,,692,LLG,0.00,0,100,F-DL,12.7
sweep,,692,LLG,0.00,0,100,F-DL-2,13.0
sweep,,692,LLG,0.00,0,100,F-DL-3,13.7
sweep,,692,LLG,0.00,0,100,F-DL-4,14.1
sweep,,692,LLG,0.00,0,100,F-DL-5,13.4
sweep,,692,LLG,0.00,0,100,F611,97.7
sweep,,692,LLG,0.00,0,100,F632,78.5
sweep,,692,LLG,0.00,0,100,F633,73.9
sweep,,692,LLG,0.00,0,100,F634,606.3
sweep,,692,LLG,0.00,0,100,F645,34.3
sweep,,692,LLG,0.00,0,100,F646,51.5
sweep,,692,LLG,0.00,0,100,F652,0.1
sweep,,692,LLG,0.00,0,100,F671,0.0
sweep,,692,LLG,0.00,0,100,F671-1,4145.5
sweep,,692,LLG,0.00,0,100,F671-2,88.8
sweep,,692,LLG,0.00,0,100,F675,191.5
sweep,,692,LLG,0.00,0,100,F684,88.8
sweep,,692,LLG,0.00,0,100,F692,39.0
sweep,,692,LLG,0.00,0,100,F692-R,155.0
sweep,,692,LLL,0.00,0,100,R1,4464.4
sweep,,692,LLL,0.00,0,100,R2,4433.0
sweep,,692,LLL,0.00,0,100,F-DL,4.0
sweep,,692,LLL,0.00,0,100,F-DL-2,3.3
sweep,,692,LLL,0.00,0,100,F-DL-3,1.7
sweep,,692,LLL,0.00,0,100,F-DL-4,0.8
sweep,,692,LLL,0.00,0,100,F-DL-5,2.5
sweep,,692,LLL,0.00,0,100,F611,0.0
sweep,,692,LLL,0.00,0,100,F632,57.3
sweep,,692,LLL,0.00,0,100,F633,33.8
sweep,,692,LLL,0.00,0,100,F634,292.7
sweep,,692,LLL,0.00,0,100,F645,33.5
sweep,,692,LLL,0.00,0,100,F646,26.9
sweep,,692,LLL,0.00,0,100,F652,0.0
sweep,,692,LLL,0.00,0,100,F671,0.0
sweep,,692,LLL,0.00,0,100,F671-1,4433.0
sweep,,692,LLL,0.00,0,100,F671-2,0.0
sweep,,692,LLL,0.00,0,100,F675,0.0
sweep,,692,LLL,0.00,0,100,F684,0.0
sweep,,692,LLL,0.00,0,100,F692,0.0
sweep,,692,LLL,0.00,0,100,F692-R,0.0
sweep,,675,LG,0.00,0,100,R1,2624.4
sweep,,675,LG,0.00,0,100,R2,2535.4
sweep,,675,LG,0.00,0,100,F-DL,12.1
sweep,,675,LG,0.00,0,100,F-DL-2,12.4
sweep,,675,LG,0.00,0,100,F-DL-3,13.0
sweep,,675,LG,0.00,0,100,F-DL-4,13.3
sweep,,675,LG,0.00,0,100,F-DL-5,12.7
sweep,,675,LG,0.00,0,100,F611,92.0
sweep,,675,LG,0.00,0,100,F632,87.0
sweep,,675,LG,0.00,0,100,F633,97.8
sweep,,675,LG,0.00,0,100,F634,777.6
sweep,,675,LG,0.00,0,100,F645,41.8
sweep,,675,LG,0.00,0,100,F646,52.5
sweep,,675,LG,0.00,0,100,F652,77.0
sweep,,675,LG,0.00,0,100,F671,0.0
sweep,,675,LG,0.00,0,100,F671-1,2435.5
sweep,,675,LG,0.00,0,100,F671-2,83.7
sweep,,675,LG,0.00,0,100,F675,283.2
sweep,,675,LG,0.00,0,100,F684,83.7
sweep,,675,LG,0.00,0,100,F692,53.6
sweep,,675,LG,0.00,0,100,F692-R,2435.5
sweep,,675,LL,0.00,0,100,R1,3813.6
sweep,,675,LL,0.00,0,100,R2,3758.2
sweep,,675,LL,0.00,0,100,F-DL,11.2
sweep,,675,LL,0.00,0,100,F-DL-2,11.3
sweep,,675,LL,0.00,0,100,F-DL-3,11.4
sweep,,675,LL,0.00,0,100,F-DL-4,11.5
sweep,,675,LL,0.00,0,100,F-DL-5,11.3
sweep,,675,LL,0.00,0,100,F611,78.3
sweep,,675,LL,0.00,0,100,F632,102.1
sweep,,675,LL,0.00,0,100,F633,62.9
sweep,,675,LL,0.00,0,100,F634,544.8
sweep,,675,LL,0.00,0,100,F645,50.1
sweep,,675,LL,0.00,0,100,F646,56.1
sweep,,675,LL,0.00,0,100,F652,33.7
sweep,,675,LL,0.00,0,100,F671,0.0
sweep,,675,LL,0.00,0,100,F671-1,3664.7
sweep,,675,LL,0.00,0,100,F671-2,71.2
sweep,,675,LL,0.00,0,100,F675,153.8
sweep,,675,LL,0.00,0,100,F684,71.2
sweep,,675,LL,0.00,0,100,F692,48.0
sweep,,675,LL,0.00,0,100,F692-R,3643.3
sweep,,675,LLG,0.00,0,100,R1,3900.6
sweep,,675,LLG,0.00,0,100,R2,3857.5
sweep,,675,LLG,0.00,0,100,F-DL,12.5
sweep,,675,LLG,0.00,0,100,F-DL-2,12.9
sweep,,675,LLG,0.00,0,100,F-DL-3,13.5
sweep,,675,LLG,0.00,0,100,F-DL-4,13.8
sweep,,675,LLG,0.00,0,100,F-DL-5,13.2
sweep,,675,LLG,0.00,0,100,F611,95.7
sweep,,675,LLG,0.00,0,100,F632,82.4
sweep,,675,LLG,0.00,0,100,F633,73.0
sweep,,675,LLG,0.00,0,100,F634,599.9
sweep,,675,LLG,0.00,0,100,F645,39.0
sweep,,675,LLG,0.00,0,100,F646,51.8
sweep,,675,LLG,0.00,0,100,F652,6.5
sweep,,675,LLG,0.00,0,100,F671,0.0
sweep,,675,LLG,0.00,0,100,F671-1,3778.8
sweep,,675,LLG,0.00,0,100,F671-2,87.0
sweep,,675,LLG,0.00,0,100,F675,192.5
sweep,,675,LLG,0.00,0,100,F684,87.0
sweep,,675,LLG,0.00,0,100,F692,40.9
sweep,,675,LLG,0.00,0,100,F692-R,3753.6
sweep,,675,LLL,0.00,0,100,R1,4103.5
sweep,,675,LLL,0.00,0,100,R2,4030.7
sweep,,675,LLL,0.00,0,100,F-DL,4.7
sweep,,675,LLL,0.00,0,100,F-DL-2,4.0
sweep,,675,LLL,0.00,0,100,F-DL-3,2.6
sweep,,675,LLL,0.00,0,100,F-DL-4,1.9
sweep,,675,LLL,0.00,0,100,F-DL-5,3.3
sweep,,675,LLL,0.00,0,100,F611,7.6
sweep,,675,LLL,0.00,0,100,F632,63.7
sweep,,675,LLL,0.00,0,100,F633,38.8
sweep,,675,LLL,0.00,0,100,F634,335.9
sweep,,675,LLL,0.00,0,100,F645,37.6
sweep,,675,LLL,0.00,0,100,F646,29.8
sweep,,675,LLL,0.00,0,100,F652,6.7
sweep,,675,LLL,0.00,0,100,F671,0.0
sweep,,675,LLL,0.00,0,100,F671-1,4013.6
sweep,,675,LLL,0.00,0,100,F671-2,6.9
sweep,,675,LLL,0.00,0,100,F675,0.0
sweep,,675,LLL,0.00,0,100,F684,6.9
sweep,,675,LLL,0.00,0,100,F692,5.7
sweep,,675,LLL,0.00,0,100,F692-R,4013.6
sweep,,680,LG,0.00,0,100,R1,2259.4
sweep,,680,LG,0.00,0,100,R2,2168.0
sweep,,680,LG,0.00,0,100,F-DL,11.8
sweep,,680,LG,0.00,0,100,F-DL-2,12.0
sweep,,680,LG,0.00,0,100,F-DL-3,12.5
sweep,,680,LG,0.00,0,100,F-DL-4,12.8
sweep,,680,LG,0.00,0,100,F-DL-5,12.3
sweep,,680,LG,0.00,0,100,F611,88.2
sweep,,680,LG,0.00,0,100,F632,96.5
sweep,,680,LG,0.00,0,100,F633,96.2
sweep,,680,LG,0.00,0,100,F634,774.5
sweep,,680,LG,0.00,0,100,F645,47.8
sweep,,680,LG,0.00,0,100,F646,54.9
sweep,,680,LG,0.00,0,100,F652,76.2
sweep,,680,LG,0.00,0,100,F671,2082.4
sweep,,680,LG,0.00,0,100,F671-1,262.1
sweep,,680,LG,0.00,0,100,F671-2,80.2
sweep,,680,LG,0.00,0,100,F675,267.5
sweep,,680,LG,0.00,0,100,F684,80.2
sweep,,680,LG,0.00,0,100,F692,53.9
sweep,,680,LG,0.00,0,100,F692-R,249.1
sweep,,680,LL,0.00,0,100,R1,3536.1
sweep,,680,LL,0.00,0,100,R2,3478.3
sweep,,680,LL,0.00,0,100,F-DL,11.2
sweep,,680,LL,0.00,0,100,F-DL-2,11.3
sweep,,680,LL,0.00,0,100,F-DL-3,11.4
sweep,,680,LL,0.00,0,100,F-DL-4,11.5
sweep,,680,LL,0.00,0,100,F-DL-5,11.3
sweep,,680,LL,0.00,0,100,F611,78.3
sweep,,680,LL,0.00,0,100,F632,107.1
sweep,,680,LL,0.00,0,100,F633,62.9
sweep,,680,LL,0.00,0,100,F634,544.8
sweep,,680,LL,0.00,0,100,F645,54.0
sweep,,680,LL,0.00,0,100,F646,57.4
sweep,,680,LL,0.00,0,100,F652,32.8
sweep,,680,LL,0.00,0,100,F671,3242.2
sweep,,680,LL,0.00,0,100,F671-1,166.6
sweep,,680,LL,0.00,0,100,F671-2,71.2
sweep,,680,LL,0.00,0,100,F675,153.7
sweep,,680,LL,0.00,0,100,F684,71.2
sweep,,680,LL,0.00,0,100,F692,47.2
sweep,,680,LL,0.00,0,100,F692-R,124.4
sweep,,680,LLG,0.00,0,100,R1,3534.7
sweep,,680,LLG,0.00,0,100,R2,3486.1
sweep,,680,LLG,0.00,0,100,F-DL,12.3
sweep,,680,LLG,0.00,0,100,F-DL-2,12.6
sweep,,680,LLG,0.00,0,100,F-DL-3,13.2
sweep,,680,LLG,0.00,0,100,F-DL-4,13.4
sweep,,680,LLG,0.00,0,100,F-DL-5,12.9
sweep,,680,LLG,0.00,0,100,F611,93.0
sweep,,680,LLG,0.00,0,100,F632,89.1
sweep,,680,LLG,0.00,0,100,F633,70.9
sweep,,680,LLG,0.00,0,100,F634,591.2
sweep,,680,LLG,0.00,0,100,F645,42.5
sweep,,680,LLG,0.00,0,100,F646,53.6
sweep,,680,LLG,0.00,0,100,F652,13.6
sweep,,680,LLG,0.00,0,100,F671,3355.1
sweep,,680,LLG,0.00,0,100,F671-1,184.7
sweep,,680,LLG,0.00,0,100,F671-2,84.5
sweep,,680,LLG,0.00,0,100,F675,182.3
sweep,,680,LLG,0.00,0,100,F684,84.5
sweep,,680,LLG,0.00,0,100,F692,41.2
sweep,,680,LLG,0.00,0,100,F692-R,147.6
sweep,,680,LLL,0.00,0,100,R1,3757.1
sweep,,680,LLL,0.00,0,100,R2,3717.4
sweep,,680,LLL,0.00,0,100,F-DL,5.3
sweep,,680,LLL,0.00,0,100,F-DL-2,4.7
sweep,,680,LLL,0.00,0,100,F-DL-3,3.5
sweep,,680,LLL,0.00,0,100,F-DL-4,2.8
sweep,,680,LLL,0.00,0,100,F-DL-5,4.1
sweep,,680,LLL,0.00,0,100,F611,14.5
sweep,,680,LLL,0.00,0,100,F632,71.5
sweep,,680,LLL,0.00,0,100,F633,42.2
sweep,,680,LLL,0.00,0,100,F634,364.8
sweep,,680,LLL,0.00,0,100,F645,41.9
sweep,,680,LLL,0.00,0,100,F646,33.5
sweep,,680,LLL,0.00,0,100,F652,11.0
sweep,,680,LLL,0.00,0,100,F671,3654.7
sweep,,680,LLL,0.00,0,100,F671-1,39.9
sweep,,680,LLL,0.00,0,100,F671-2,13.1
sweep,,680,LLL,0.00,0,100,F675,38.5
sweep,,680,LLL,0.00,0,100,F684,13.1
sweep,,680,LLL,0.00,0,100,F692,9.8
sweep,,680,LLL,0.00,0,100,F692-R,35.8
sweep,,684,LG,0.00,0,100,R1,2544.6
sweep,,684,LG,0.00,0,100,R2,2511.1
sweep,,684,LG,0.00,0,100,F-DL,12.4
sweep,,684,LG,0.00,0,100,F-DL-2,12.7
sweep,,684,LG,0.00,0,100,F-DL-3,13.3
sweep,,684,LG,0.00,0,100,F-DL-4,13.6
sweep,,684,LG,0.00,0,100,F-DL-5,13.0
sweep,,684,LG,0.00,0,100,F611,96.0
sweep,,684,LG,0.00,0,100,F632,147.6
sweep,,684,LG,0.00,0,100,F633,76.8
sweep,,684,LG,0.00,0,100,F634,594.8
sweep,,684,LG,0.00,0,100,F645,92.7
sweep,,684,LG,0.00,0,100,F646,65.6
sweep,,684,LG,0.00,0,100,F652,0.5
sweep,,684,LG,0.00,0,100,F671,0.0
sweep,,684,LG,0.00,0,100,F671-1,185.6
sweep,,684,LG,0.00,0,100,F671-2,2353.6
sweep,,684,LG,0.00,0,100,F675,185.6
sweep,,684,LG,0.00,0,100,F684,87.3
sweep,,684,LG,0.00,0,100,F692,41.1
sweep,,684,LG,0.00,0,100,F692-R,150.3
sweep,,684,LL,0.00,0,100,R1,3450.8
sweep,,684,LL,0.00,0,100,R2,3334.9
sweep,,684,LL,0.00,0,100,F-DL,7.3
sweep,,684,LL,0.00,0,100,F-DL-2,7.0
sweep,,684,LL,0.00,0,100,F-DL-3,6.7
sweep,,684,LL,0.00,0,100,F-DL-4,6.6
sweep,,684,LL,0.00,0,100,F-DL-5,6.8
sweep,,684,LL,0.00,0,100,F611,38.8
sweep,,684,LL,0.00,0,100,F632,143.0
sweep,,684,LL,0.00,0,100,F633,61.6
sweep,,684,LL,0.00,0,100,F634,532.4
sweep,,684,LL,0.00,0,100,F645,85.7
sweep,,684,LL,0.00,0,100,F646,59.9
sweep,,684,LL,0.00,0,100,F652,30.8
sweep,,684,LL,0.00,0,100,F671,0.0
sweep,,684,LL,0.00,0,100,F671-1,85.6
sweep,,684,LL,0.00,0,100,F671-2,3192.2
sweep,,684,LL,0.00,0,100,F675,98.6
sweep,,684,LL,0.00,0,100,F684,35.3
sweep,,684,LL,0.00,0,100,F692,7.9
sweep,,684,LL,0.00,0,100,F692-R,91.8
sweep,,684,LLG,0.00,0,100,R1,3454.0
sweep,,684,LLG,0.00,0,100,R2,3350.2
sweep,,684,LLG,0.00,0,100,F-DL,6.9
sweep,,684,LLG,0.00,0,100,F-DL-2,7.1
sweep,,684,LLG,0.00,0,100,F-DL-3,7.3
sweep,,684,LLG,0.00,0,100,F-DL-4,7.4
sweep,,684,LLG,0.00,0,100,F-DL-5,7.2
sweep,,684,LLG,0.00,0,100,F611,0.3
sweep,,684,LLG,0.00,0,100,F632,148.5
sweep,,684,LLG,0.00,0,100,F633,72.0
sweep,,684,LLG,0.00,0,100,F634,591.6
sweep,,684,LLG,0.00,0,100,F645,95.5
sweep,,684,LLG,0.00,0,100,F646,55.9
sweep,,684,LLG,0.00,0,100,F652,0.4
sweep,,684,LLG,0.00,0,100,F671,0.0
sweep,,684,LLG,0.00,0,100,F671-1,88.1
sweep,,684,LLG,0.00,0,100,F671-2,3284.9
sweep,,684,LLG,0.00,0,100,F675,44.7
sweep,,684,LLG,0.00,0,100,F684,0.3
sweep,,684,LLG,0.00,0,100,F692,7.9
sweep,,684,LLG,0.00,0,100,F692-R,88.1
sweep,,684,LLL,0.00,0,100,R1,
sweep,,684,LLL,0.00,0,100,R2,
sweep,,684,LLL,0.00,0,100,F-DL,
sweep,,684,LLL,0.00,0,100,F-DL-2,
sweep,,684,LLL,0.00,0,100,F-DL-3,
sweep,,684,LLL,0.00,0,100,F-DL-4,
sweep,,684,LLL,0.00,0,100,F-DL-5,
sweep,,684,LLL,0.00,0,100,F611,
sweep,,684,LLL,0.00,0,100,F632,
sweep,,684,LLL,0.00,0,100,F633,
sweep,,684,LLL,0.00,0,100,F634,
sweep,,684,LLL,0.00,0,100,F645,
sweep,,684,LLL,0.00,0,100,F646,
sweep,,684,LLL,0.00,0,100,F652,
sweep,,684,LLL,0.00,0,100,F671,
sweep,,684,LLL,0.00,0,100,F671-1,
sweep,,684,LLL,0.00,0,100,F671-2,
sweep,,684,LLL,0.00,0,100,F675,
sweep,,684,LLL,0.00,0,100,F684,
sweep,,684,LLL,0.00,0,100,F692,
sweep,,684,LLL,0.00,0,100,F692-R,
sweep,,611,LG,0.00,0,100,R1,2326.7
sweep,,611,LG,0.00,0,100,R2,2221.2
sweep,,611,LG,0.00,0,100,F-DL,6.6
sweep,,611,LG,0.00,0,100,F-DL-2,6.6
sweep,,611,LG,0.00,0,100,F-DL-3,6.8
sweep,,611,LG,0.00,0,100,F-DL-4,6.8
sweep,,611,LG,0.00,0,100,F-DL-5,6.7
sweep,,611,LG,0.00,0,100,F611,0.0
sweep,,611,LG,0.00,0,100,F632,144.9
sweep,,611,LG,0.00,0,100,F633,84.5
sweep,,611,LG,0.00,0,100,F634,750.5
sweep,,611,LG,0.00,0,100,F645,91.0
sweep,,611,LG,0.00,0,100,F646,56.7
sweep,,611,LG,0.00,0,100,F652,74.6
sweep,,611,LG,0.00,0,100,F671,0.0
sweep,,611,LG,0.00,0,100,F671-1,266.9
sweep,,611,LG,0.00,0,100,F671-2,2064.5
sweep,,611,LG,0.00,0,100,F675,257.2
sweep,,611,LG,0.00,0,100,F684,2064.5
sweep,,611,LG,0.00,0,100,F692,40.1
sweep,,611,LG,0.00,0,100,F692-R,239.5
sweep,,611,LL,0.00,0,100,R1,
sweep,,611,LL,0.00,0,100,R2,
sweep,,611,LL,0.00,0,100,F-DL,
sweep,,611,LL,0.00,0,100,F-DL-2,
sweep,,611,LL,0.00,0,100,F-DL-3,
sweep,,611,LL,0.00,0,100,F-DL-4,
sweep,,611,LL,0.00,0,100,F-DL-5,
sweep,,611,LL,0.00,0,100,F611,
sweep,,611,LL,0.00,0,100,F632,
sweep,,611,LL,0.00,0,100,F633,
sweep,,611,LL,0.00,0,100,F634,
sweep,,611,LL,0.00,0,100,F645,
sweep,,611,LL,0.00,0,100,F646,
sweep,,611,LL,0.00,0,100,F652,
sweep,,611,LL,0.00,0,100,F671,
sweep,,611,LL,0.00,0,100,F671-1,
sweep,,611,LL,0.00,0,100,F671-2,
sweep,,611,LL,0.00,0,100,F675,
sweep,,611,LL,0.00,0,100,F684,
sweep,,611,LL,0.00,0,100,F692,
sweep,,611,LL,0.00,0,100,F692-R,
sweep,,611,LLG,0.00,0,100,R1,
sweep,,611,LLG,0.00,0,100,R2,
sweep,,611,LLG,0.00,0,100,F-DL,
sweep,,611,LLG,0.00,0,100,F-DL-2,
sweep,,611,LLG,0.00,0,100,F-DL-3,
sweep,,611,LLG,0.00,0,100,F-DL-4,
sweep,,611,LLG,0.00,0,100,F-DL-5,
sweep,,611,LLG,0.00,0,100,F611,
sweep,,611,LLG,0.00,0,100,F632,
sweep,,611,LLG,0.00,0,100,F633,
sweep,,611,LLG,0.00,0,100,F634,
sweep,,611,LLG,0.00,0,100,F645,
sweep,,611,LLG,0.00,0,100,F646,
sweep,,611,LLG,0.00,0,100,F652,
sweep,,611,LLG,0.00,0,100,F671,
sweep,,611,LLG,0.00,0,100,F671-1,
sweep,,611,LLG,0.00,0,100,F671-2,
sweep,,611,LLG,0.00,0,100,F675,
sweep,,611,LLG,0.00,0,100,F684,
sweep,,611,LLG,0.00,0,100,F692,
sweep,,611,LLG,0.00,0,100,F692-R,
sweep,,611,LLL,0.00,0,100,R1,
sweep,,611,LLL,0.00,0,100,R2,
sweep,,611,LLL,0.00,0,100,F-DL,
sweep,,611,LLL,0.00,0,100,F-DL-2,
sweep,,611,LLL,0.00,0,100,F-DL-3,
sweep,,611,LLL,0.00,0,100,F-DL-4,
sweep,,611,LLL,0.00,0,100,F-DL-5,
sweep,,611,LLL,0.00,0,100,F611,
sweep,,611,LLL,0.00,0,100,F632,
sweep,,611,LLL,0.00,0,100,F633,
sweep,,611,LLL,0.00,0,100,F634,
sweep,,611,LLL,0.00,0,100,F645,
sweep,,611,LLL,0.00,0,100,F646,
sweep,,611,LLL,0.00,0,100,F652,
sweep,,611,LLL,0.00,0,100,F671,
sweep,,611,LLL,0.00,0,100,F671-1,
sweep,,611,LLL,0.00,0,100,F671-2,
sweep,,611,LLL,0.00,0,100,F675,
sweep,,611,LLL,0.00,0,100,F684,
sweep,,611,LLL,0.00,0,100,F692,
sweep,,611,LLL,0.00,0,100,F692-R,
sweep,,652,LG,0.00,0,100,R1,2287.2
sweep,,652,LG,0.00,0,100,R2,2242.3
sweep,,652,LG,0.00,0,100,F-DL,12.0
sweep,,652,LG,0.00,0,100,F-DL-2,12.3
sweep,,652,LG,0.00,0,100,F-DL-3,12.7
sweep,,652,LG,0.00,0,100,F-DL-4,13.0
sweep,,652,LG,0.00,0,100,F-DL-5,12.5
sweep,,652,LG,0.00,0,100,F611,90.5
sweep,,652,LG,0.00,0,100,F632,148.6
sweep,,652,LG,0.00,0,100,F633,73.7
sweep,,652,LG,0.00,0,100,F634,578.8
sweep,,652,LG,0.00,0,100,F645,92.9
sweep,,652,LG,0.00,0,100,F646,65.6
sweep,,652,LG,0.00,0,100,F652,2028.7
sweep,,652,LG,0.00,0,100,F671,0.0
sweep,,652,LG,0.00,0,100,F671-1,181.0
sweep,,652,LG,0.00,0,100,F671-2,2028.7
sweep,,652,LG,0.00,0,100,F675,175.8
sweep,,652,LG,0.00,0,100,F684,82.3
sweep,,652,LG,0.00,0,100,F692,44.4
sweep,,652,LG,0.00,0,100,F692-R,142.3
sweep,,652,LL,0.00,0,100,R1,
sweep,,652,LL,0.00,0,100,R2,
sweep,,652,LL,0.00,0,100,F-DL,
sweep,,652,LL,0.00,0,100,F-DL-2,
sweep,,652,LL,0.00,0,100,F-DL-3,
sweep,,652,LL,0.00,0,100,F-DL-4,
sweep,,652,LL,0.00,0,100,F-DL-5,
sweep,,652,LL,0.00,0,100,F611,
sweep,,652,LL,0.00,0,100,F632,
sweep,,652,LL,0.00,0,100,F633,
sweep,,652,LL,0.00,0,100,F634,
sweep,,652,LL,0.00,0,100,F645,
sweep,,652,LL,0.00,0,100,F646,
sweep,,652,LL,0.00,0,100,F652,
sweep,,652,LL,0.00,0,100,F671,
sweep,,652,LL,0.00,0,100,F671-1,
sweep,,652,LL,0.00,0,100,F671-2,
sweep,,652,LL,0.00,0,100,F675,
sweep,,652,LL,0.00,0,100,F684,
sweep,,652,LL,0.00,0,100,F692,
sweep,,652,LL,0.00,0,100,F692-R,
sweep,,652,LLG,0.00,0,100,R1,
sweep,,652,LLG,0.00,0,100,R2,
sweep,,652,LLG,0.00,0,100,F-DL,
sweep,,652,LLG,0.00,0,100,F-DL-2,
sweep,,652,LLG,0.00,0,100,F-DL-3,
sweep,,652,LLG,0.00,0,100,F-DL-4,
sweep,,652,LLG,0.00,0,100,F-DL-5,
sweep,,652,LLG,0.00,0,100,F611,
sweep,,652,LLG,0.00,0,100,F632,
sweep,,652,LLG,0.00,0,100,F633,
sweep,,652,LLG,0.00,0,100,F634,
sweep,,652,LLG,0.00,0,100,F645,
sweep,,652,LLG,0.00,0,100,F646,
sweep,,652,LLG,0.00,0,100,F652,
sweep,,652,LLG,0.00,0,100,F671,
sweep,,652,LLG,0.00,0,100,F671-1,
sweep,,652,LLG,0.00,0,100,F671-2,
sweep,,652,LLG,0.00,0,100,F675,
sweep,,652,LLG,0.00,0,100,F684,
sweep,,652,LLG,0.00,0,100,F692,
sweep,,652,LLG,0.00,0,100,F692-R,
sweep,,652,LLL,0.00,0,100,R1,
sweep,,652,LLL,0.00,0,100,R2,
sweep,,652,LLL,0.00,0,100,F-DL,
sweep,,652,LLL,0.00,0,100,F-DL-2,
sweep,,652,LLL,0.00,0,100,F-DL-3,
sweep,,652,LLL,0.00,0,100,F-DL-4,
sweep,,652,LLL,0.00,0,100,F-DL-5,
sweep,,652,LLL,0.00,0,100,F611,
sweep,,652,LLL,0.00,0,100,F632,
sweep,,652,LLL,0.00,0,100,F633,
sweep,,652,LLL,0.00,0,100,F634,
sweep,,652,LLL,0.00,0,100,F645,
sweep,,652,LLL,0.00,0,100,F646,
sweep,,652,LLL,0.00,0,100,F652,
sweep,,652,LLL,0.00,0,100,F671,
sweep,,652,LLL,0.00,0,100,F671-1,
sweep,,652,LLL,0.00,0,100,F671-2,
sweep,,652,LLL,0.00,0,100,F675,
sweep,,652,LLL,0.00,0,100,F684,
sweep,,652,LLL,0.00,0,100,F692,
sweep,,652,LLL,0.00,0,100,F692-R,
dg,,633,LLL,0.00,0,0,R1,5875.8
dg,,633,LLL,0.00,0,0,R2,102.6
dg,,633,LLL,0.00,0,0,F-DL,2.6
dg,,633,LLL,0.00,0,0,F-DL-2,2.6
dg,,633,LLL,0.00,0,0,F-DL-3,2.7
dg,,633,LLL,0.00,0,0,F-DL-4,2.7
dg,,633,LLL,0.00,0,0,F-DL-5,2.7
dg,,633,LLL,0.00,0,0,F611,18.2
dg,,633,LLL,0.00,0,0,F632,32.6
dg,,633,LLL,0.00,0,0,F633,5778.2
dg,,633,LLL,0.00,0,0,F634,0.0
dg,,633,LLL,0.00,0,0,F645,19.3
dg,,633,LLL,0.00,0,0,F646,15.0
dg,,633,LLL,0.00,0,0,F652,13.7
dg,,633,LLL,0.00,0,0,F671,0.0
dg,,633,LLL,0.00,0,0,F671-1,49.2
dg,,633,LLL,0.00,0,0,F671-2,16.5
dg,,633,LLL,0.00,0,0,F675,48.0
dg,,633,LLL,0.00,0,0,F684,16.5
dg,,633,LLL,0.00,0,0,F692,11.9
dg,,633,LLL,0.00,0,0,F692-R,44.7
dg,,671,LLL,0.00,0,0,R1,4464.4
dg,,671,LLL,0.00,0,0,R2,4433.0
dg,,671,LLL,0.00,0,0,F-DL,4.0
dg,,671,LLL,0.00,0,0,F-DL-2,3.3
dg,,671,LLL,0.00,0,0,F-DL-3,1.7
dg,,671,LLL,0.00,0,0,F-DL-4,0.8
dg,,671,LLL,0.00,0,0,F-DL-5,2.5
dg,,671,LLL,0.00,0,0,F611,0.0
dg,,671,LLL,0.00,0,0,F632,57.3
dg,,671,LLL,0.00,0,0,F633,33.8
dg,,671,LLL,0.00,0,0,F634,292.7
dg,,671,LLL,0.00,0,0,F645,33.5
dg,,671,LLL,0.00,0,0,F646,26.9
dg,,671,LLL,0.00,0,0,F652,0.0
dg,,671,LLL,0.00,0,0,F671,0.0
dg,,671,LLL,0.00,0,0,F671-1,0.0
dg,,671,LLL,0.00,0,0,F671-2,0.0
dg,,671,LLL,0.00,0,0,F675,0.0
dg,,671,LLL,0.00,0,0,F684,0.0
dg,,671,LLL,0.00,0,0,F692,0.0
dg,,671,LLL,0.00,0,0,F692-R,0.0
dg,,633,LLL,0.00,1,10,R1,5761.1
dg,,633,LLL,0.00,1,10,R2,490.0
dg,,633,LLL,0.00,1,10,F-DL,2.8
dg,,633,LLL,0.00,1,10,F-DL-2,2.8
dg,,633,LLL,0.00,1,10,F-DL-3,2.9
dg,,633,LLL,0.00,1,10,F-DL-4,3.0
dg,,633,LLL,0.00,1,10,F-DL-5,2.9
dg,,633,LLL,0.00,1,10,F611,21.3
dg,,633,LLL,0.00,1,10,F632,34.2
dg,,633,LLL,0.00,1,10,F633,6098.7
dg,,633,LLL,0.00,1,10,F634,0.0
dg,,633,LLL,0.00,1,10,F645,20.3
dg,,633,LLL,0.00,1,10,F646,15.8
dg,,633,LLL,0.00,1,10,F652,16.9
dg,,633,LLL,0.00,1,10,F671,0.0
dg,,633,LLL,0.00,1,10,F671-1,537.3
dg,,633,LLL,0.00,1,10,F671-2,19.4
dg,,633,LLL,0.00,1,10,F675,55.6
dg,,633,LLL,0.00,1,10,F684,19.4
dg,,633,LLL,0.00,1,10,F692,14.3
dg,,633,LLL,0.00,1,10,F692-R,51.8
dg,,671,LLL,0.00,1,10,R1,4457.1
dg,,671,LLL,0.00,1,10,R2,4426.9
dg,,671,LLL,0.00,1,10,F-DL,3.9
dg,,671,LLL,0.00,1,10,F-DL-2,3.1
dg,,671,LLL,0.00,1,10,F-DL-3,1.6
dg,,671,LLL,0.00,1,10,F-DL-4,0.8
dg,,671,LLL,0.00,1,10,F-DL-5,2.4
dg,,671,LLL,0.00,1,10,F611,0.0
dg,,671,LLL,0.00,1,10,F632,57.2
dg,,671,LLL,0.00,1,10,F633,32.7
dg,,671,LLL,0.00,1,10,F634,282.5
dg,,671,LLL,0.00,1,10,F645,33.4
dg,,671,LLL,0.00,1,10,F646,26.8
dg,,671,LLL,0.00,1,10,F652,0.0
dg,,671,LLL,0.00,1,10,F671,0.0
dg,,671,LLL,0.00,1,10,F671-1,585.5
dg,,671,LLL,0.00,1,10,F671-2,0.0
dg,,671,LLL,0.00,1,10,F675,0.0
dg,,671,LLL,0.00,1,10,F684,0.0
dg,,671,LLL,0.00,1,10,F692,0.0
dg,,671,LLL,0.00,1,10,F692-R,0.0
dg,,633,LLL,0.00,1,25,R1,5707.2
dg,,633,LLL,0.00,1,25,R2,734.3
dg,,633,LLL,0.00,1,25,F-DL,2.9
dg,,633,LLL,0.00,1,25,F-DL-2,3.1
dg,,633,LLL,0.00,1,25,F-DL-3,3.3
dg,,633,LLL,0.00,1,25,F-DL-4,3.4
dg,,633,LLL,0.00,1,25,F-DL-5,3.2
dg,,633,LLL,0.00,1,25,F611,24.8
dg,,633,LLL,0.00,1,25,F632,35.8
dg,,633,LLL,0.00,1,25,F633,6347.3
dg,,633,LLL,0.00,1,25,F634,0.0
dg,,633,LLL,0.00,1,25,F645,21.2
dg,,633,LLL,0.00,1,25,F646,16.5
dg,,633,LLL,0.00,1,25,F652,19.5
dg,,633,LLL,0.00,1,25,F671,0.0
dg,,633,LLL,0.00,1,25,F671-1,789.1
dg,,633,LLL,0.00,1,25,F671-2,22.6
dg,,633,LLL,0.00,1,25,F675,64.1
dg,,633,LLL,0.00,1,25,F684,22.6
dg,,633,LLL,0.00,1,25,F692,16.6
dg,,633,LLL,0.00,1,25,F692-R,59.7
dg,,671,LLL,0.00,1,25,R1,4457.1
dg,,671,LLL,0.00,1,25,R2,4426.9
dg,,671,LLL,0.00,1,25,F-DL,3.9
dg,,671,LLL,0.00,1,25,F-DL-2,3.1
dg,,671,LLL,0.00,1,25,F-DL-3,1.6
dg,,671,LLL,0.00,1,25,F-DL-4,0.8
dg,,671,LLL,0.00,1,25,F-DL-5,2.4
dg,,671,LLL,0.00,1,25,F611,0.0
dg,,671,LLL,0.00,1,25,F632,57.2
dg,,671,LLL,0.00,1,25,F633,32.6
dg,,671,LLL,0.00,1,25,F634,282.2
dg,,671,LLL,0.00,1,25,F645,33.5
dg,,671,LLL,0.00,1,25,F646,26.8
dg,,671,LLL,0.00,1,25,F652,0.0
dg,,671,LLL,0.00,1,25,F671,0.0
dg,,671,LLL,0.00,1,25,F671-1,983.7
dg,,671,LLL,0.00,1,25,F671-2,0.0
dg,,671,LLL,0.00,1,25,F675,0.0
dg,,671,LLL,0.00,1,25,F684,0.0
dg,,671,LLL,0.00,1,25,F692,0.0
dg,,671,LLL,0.00,1,25,F692-R,0.0
dg,,633,LLL,0.00,1,37,R1,5675.8
dg,,633,LLL,0.00,1,37,R2,897.4
dg,,633,LLL,0.00,1,37,F-DL,3.0
dg,,633,LLL,0.00,1,37,F-DL-2,3.2
dg,,633,LLL,0.00,1,37,F-DL-3,3.5
dg,,633,LLL,0.00,1,37,F-DL-4,3.7
dg,,633,LLL,0.00,1,37,F-DL-5,3.3
dg,,633,LLL,0.00,1,37,F611,26.7
dg,,633,LLL,0.00,1,37,F632,36.7
dg,,633,LLL,0.00,1,37,F633,6490.2
dg,,633,LLL,0.00,1,37,F634,0.0
dg,,633,LLL,0.00,1,37,F645,21.7
dg,,633,LLL,0.00,1,37,F646,16.9
dg,,633,LLL,0.00,1,37,F652,21.0
dg,,633,LLL,0.00,1,37,F671,0.0
dg,,633,LLL,0.00,1,37,F671-1,955.1
dg,,633,LLL,0.00,1,37,F671-2,24.3
dg,,633,LLL,0.00,1,37,F675,69.0
dg,,633,LLL,0.00,1,37,F684,24.3
dg,,633,LLL,0.00,1,37,F692,17.9
dg,,633,LLL,0.00,1,37,F692-R,64.2
dg,,671,LLL,0.00,1,37,R1,4457.1
dg,,671,LLL,0.00,1,37,R2,4426.9
dg,,671,LLL,0.00,1,37,F-DL,3.9
dg,,671,LLL,0.00,1,37,F-DL-2,3.1
dg,,671,LLL,0.00,1,37,F-DL-3,1.6
dg,,671,LLL,0.00,1,37,F-DL-4,0.8
dg,,671,LLL,0.00,1,37,F-DL-5,2.4
dg,,671,LLL,0.00,1,37,F611,0.0
dg,,671,LLL,0.00,1,37,F632,57.3
dg,,671,LLL,0.00,1,37,F633,32.6
dg,,671,LLL,0.00,1,37,F634,282.0
dg,,671,LLL,0.00,1,37,F645,33.5
dg,,671,LLL,0.00,1,37,F646,26.8
dg,,671,LLL,0.00,1,37,F652,0.0
dg,,671,LLL,0.00,1,37,F671,0.0
dg,,671,LLL,0.00,1,37,F671-1,1261.4
dg,,671,LLL,0.00,1,37,F671-2,0.0
dg,,671,LLL,0.00,1,37,F675,0.0
dg,,671,LLL,0.00,1,37,F684,0.0
dg,,671,LLL,0.00,1,37,F692,0.0
dg,,671,LLL,0.00,1,37,F692-R,0.0
dg,,633,LLL,0.00,1,50,R1,5649.4
dg,,633,LLL,0.00,1,50,R2,1037.9
dg,,633,LLL,0.00,1,50,F-DL,3.1
dg,,633,LLL,0.00,1,50,F-DL-2,3.3
dg,,633,LLL,0.00,1,50,F-DL-3,3.7
dg,,633,LLL,0.00,1,50,F-DL-4,3.9
dg,,633,LLL,0.00,1,50,F-DL-5,3.5
dg,,633,LLL,0.00,1,50,F611,28.3
dg,,633,LLL,0.00,1,50,F632,37.4
dg,,633,LLL,0.00,1,50,F633,6609.2
dg,,633,LLL,0.00,1,50,F634,0.0
dg,,633,LLL,0.00,1,50,F645,22.1
dg,,633,LLL,0.00,1,50,F646,17.3
dg,,633,LLL,0.00,1,50,F652,22.2
dg,,633,LLL,0.00,1,50,F671,0.0
dg,,633,LLL,0.00,1,50,F671-1,1097.8
dg,,633,LLL,0.00,1,50,F671-2,25.8
dg,,633,LLL,0.00,1,50,F675,73.0
dg,,633,LLL,0.00,1,50,F684,25.8
dg,,633,LLL,0.00,1,50,F692,19.0
dg,,633,LLL,0.00,1,50,F692-R,68.0
dg,,671,LLL,0.00,1,50,R1,4457.1
dg,,671,LLL,0.00,1,50,R2,4426.9
dg,,671,LLL,0.00,1,50,F-DL,3.9
dg,,671,LLL,0.00,1,50,F-DL-2,3.1
dg,,671,LLL,0.00,1,50,F-DL-3,1.6
dg,,671,LLL,0.00,1,50,F-DL-4,0.8
dg,,671,LLL,0.00,1,50,F-DL-5,2.4
dg,,671,LLL,0.00,1,50,F611,0.0
dg,,671,LLL,0.00,1,50,F632,57.3
dg,,671,LLL,0.00,1,50,F633,32.6
dg,,671,LLL,0.00,1,50,F634,281.9
dg,,671,LLL,0.00,1,50,F645,33.5
dg,,671,LLL,0.00,1,50,F646,26.8
dg,,671,LLL,0.00,1,50,F652,0.0
dg,,671,LLL,0.00,1,50,F671,0.0
dg,,671,LLL,0.00,1,50,F671-1,1511.4
dg,,671,LLL,0.00,1,50,F671-2,0.0
dg,,671,LLL,0.00,1,50,F675,0.0
dg,,671,LLL,0.00,1,50,F684,0.0
dg,,671,LLL,0.00,1,50,F692,0.0
dg,,671,LLL,0.00,1,50,F692-R,0.0
dg,,633,LLL,0.00,1,75,R1,5612.7
dg,,633,LLL,0.00,1,75,R2,1233.6
dg,,633,LLL,0.00,1,75,F-DL,3.2
dg,,633,LLL,0.00,1,75,F-DL-2,3.4
dg,,633,LLL,0.00,1,75,F-DL-3,3.9
dg,,633,LLL,0.00,1,75,F-DL-4,4.1
dg,,633,LLL,0.00,1,75,F-DL-5,3.7
dg,,633,LLL,0.00,1,75,F611,30.5
dg,,633,LLL,0.00,1,75,F632,38.3
dg,,633,LLL,0.00,1,75,F633,6772.7
dg,,633,LLL,0.00,1,75,F634,0.0
dg,,633,LLL,0.00,1,75,F645,22.7
dg,,633,LLL,0.00,1,75,F646,17.7
dg,,633,LLL,0.00,1,75,F652,23.9
dg,,633,LLL,0.00,1,75,F671,0.0
dg,,633,LLL,0.00,1,75,F671-1,1296.6
dg,,633,LLL,0.00,1,75,F671-2,27.8
dg,,633,LLL,0.00,1,75,F675,78.5
dg,,633,LLL,0.00,1,75,F684,27.8
dg,,633,LLL,0.00,1,75,F692,20.5
dg,,633,LLL,0.00,1,75,F692-R,73.2
dg,,671,LLL,0.00,1,75,R1,4457.0
dg,,671,LLL,0.00,1,75,R2,4426.9
dg,,671,LLL,0.00,1,75,F-DL,3.9
dg,,671,LLL,0.00,1,75,F-DL-2,3.1
dg,,671,LLL,0.00,1,75,F-DL-3,1.6
dg,,671,LLL,0.00,1,75,F-DL-4,0.8
dg,,671,LLL,0.00,1,75,F-DL-5,2.4
dg,,671,LLL,0.00,1,75,F611,0.0
dg,,671,LLL,0.00,1,75,F632,57.3
dg,,671,LLL,0.00,1,75,F633,32.6
dg,,671,LLL,0.00,1,75,F634,281.7
dg,,671,LLL,0.00,1,75,F645,33.5
dg,,671,LLL,0.00,1,75,F646,26.8
dg,,671,LLL,0.00,1,75,F652,0.0
dg,,671,LLL,0.00,1,75,F671,0.0
dg,,671,LLL,0.00,1,75,F671-1,1880.0
dg,,671,LLL,0.00,1,75,F671-2,0.0
dg,,671,LLL,0.00,1,75,F675,0.0
dg,,671,LLL,0.00,1,75,F684,0.0
dg,,671,LLL,0.00,1,75,F692,0.0
dg,,671,LLL,0.00,1,75,F692-R,0.0
dg,,633,LLL,0.00,1,100,R1,5587.4
dg,,633,LLL,0.00,1,100,R2,1367.9
dg,,633,LLL,0.00,1,100,F-DL,3.3
dg,,633,LLL,0.00,1,100,F-DL-2,3.5
dg,,633,LLL,0.00,1,100,F-DL-3,4.1
dg,,633,LLL,0.00,1,100,F-DL-4,4.3
dg,,633,LLL,0.00,1,100,F-DL-5,3.8
dg,,633,LLL,0.00,1,100,F611,31.9
dg,,633,LLL,0.00,1,100,F632,39.0
dg,,633,LLL,0.00,1,100,F633,6884.5
dg,,633,LLL,0.00,1,100,F634,0.0
dg,,633,LLL,0.00,1,100,F645,23.1
dg,,633,LLL,0.00,1,100,F646,18.0
dg,,633,LLL,0.00,1,100,F652,25.1
dg,,633,LLL,0.00,1,100,F671,0.0
dg,,633,LLL,0.00,1,100,F671-1,1433.0
dg,,633,LLL,0.00,1,100,F671-2,29.1
dg,,633,LLL,0.00,1,100,F675,82.3
dg,,633,LLL,0.00,1,100,F684,29.1
dg,,633,LLL,0.00,1,100,F692,21.5
dg,,633,LLL,0.00,1,100,F692-R,76.7
dg,,671,LLL,0.00,1,100,R1,4457.0
dg,,671,LLL,0.00,1,100,R2,4426.9
dg,,671,LLL,0.00,1,100,F-DL,3.9
dg,,671,LLL,0.00,1,100,F-DL-2,3.1
dg,,671,LLL,0.00,1,100,F-DL-3,1.6
dg,,671,LLL,0.00,1,100,F-DL-4,0.8
dg,,671,LLL,0.00,1,100,F-DL-5,2.4
dg,,671,LLL,0.00,1,100,F611,0.0
dg,,671,LLL,0.00,1,100,F632,57.3
dg,,671,LLL,0.00,1,100,F633,32.5
dg,,671,LLL,0.00,1,100,F634,281.5
dg,,671,LLL,0.00,1,100,F645,33.5
dg,,671,LLL,0.00,1,100,F646,26.8
dg,,671,LLL,0.00,1,100,F652,0.0
dg,,671,LLL,0.00,1,100,F671,0.0
dg,,671,LLL,0.00,1,100,F671-1,2148.3
dg,,671,LLL,0.00,1,100,F671-2,0.0
dg,,671,LLL,0.00,1,100,F675,0.0
dg,,671,LLL,0.00,1,100,F684,0.0
dg,,671,LLL,0.00,1,100,F692,0.0
dg,,671,LLL,0.00,1,100,F692-R,0.0
