Source,Device,Current (A),t paper (s),t model (s),model/paper
Text (F645 example),R1 fast,4219.0,0.097,0.096,0.99
Text (F645 example),R1 delayed,4219.0,1.932,1.926,1.00
"Fig 8 SLG 611",R2 fast,1975.6,0.207,0.405,1.95
"Fig 8 SLG 611",F684 melt,1975.6,0.476,1.651,3.47
"Fig 8 SLG 611",F671-2 clear,1975.6,1.456,1.221,0.84
"Fig 8 SLG 611",R2 delayed,1975.6,2.472,2.023,0.82
"Fig 11 LL 646, 1 ohm",R1 fast,3492.2,0.134,0.129,0.96
"Fig 11 LL 646, 1 ohm",F646 melt,3492.2,0.202,1.961,9.71
"Fig 11 LL 646, 1 ohm",F632 melt,3492.2,1.096,1.006,0.92
"Fig 11 LL 646, 1 ohm",R1 delayed,3492.2,2.690,2.579,0.96
Fig 13 3ph 10% 632-633,R2 fast,3361.4,0.079,0.165,2.09
Fig 13 3ph 10% 632-633,R2 delayed,3361.4,1.556,0.824,0.53
Fig 13 3ph 10% 632-633,F633 melt,8517.2,0.022,0.569,25.88
Fig 15 LL 646 (DSDR),R2rv fast,1542.1,0.103,0.667,6.48
Fig 15 LL 646 (DSDR),R2rv delayed,1542.1,2.046,3.337,1.63
Fig 15/16 LL 646,F646 melt,3640.0,0.181,1.820,10.05
Fig 15/16 LL 646,F632 melt,3640.0,0.411,0.933,2.27
Fig 16 LL 646,R1 fast,3605.9,0.128,0.123,0.96
Fig 16 LL 646,R1 delayed,3605.9,2.555,2.451,0.96
