Node,R1 fast (s),R1 delayed (s),R2 fast (s),R2 delayed (s),Fuse MMT (s),I through R1 implied by paper (A),"I through R1 in model, bolted, DG out (A)"
632,0.070,1.398,0.045,0.514,,5368,7302
633,0.094,1.880,0.052,0.706,0.163,4370,5876
645,0.105,2.095,0.087,1.659,0.276,4060,4479
646,0.128,2.555,0.103,2.046,0.181,3576,3888
DL,0.087,1.733,0.076,1.402,0.248,4606,4464
671,0.105,2.091,0.068,1.113,,4060,4464
692,0.115,2.307,0.072,1.258,0.175,3827,4434
675,0.121,2.414,0.074,1.332,0.185,3705,4037
684,0.125,2.507,0.075,1.394,0.205,3630,3365
680,0.137,2.747,0.079,1.555,,3429,3720
611,0.326,6.523,0.146,4.385,0.417,2122,2242
652,0.676,13.525,0.143,9.370,0.233,1529,2246
