Fuse,Recloser,i,z,I_fuse (A),I_recloser (A),t_F (s),t_D (s),b_i,b_i paper
F632,R1,1,2,4668,4834,0.081,1.625,6.38,6.38
F633,R1,1,2,6258,6349,0.056,1.117,6.45,6.83
F634,R1,2,2,18198,2377,0.261,5.227,8.22,8.32
F645,R1,2,2,4668,4834,0.081,1.625,6.65,6.65
F646,R1,2,2,4007,4220,0.099,1.983,6.62,6.67
F-DL,R1,1,1,4707,4736,0.084,1.673,6.55,6.54
F671,R2,1,1,3865,3927,0.131,0.653,6.05,6.08
F671-1,R2,1,3,4705,4707,0.101,0.507,5.92,5.85
F692,R2,2,2,4705,4707,0.101,0.507,6.18,6.13
F692-R,R2,2,3,4247,4280,0.116,0.578,6.07,6.14
F675,R2,3,3,4247,4280,0.116,0.578,6.20,6.19
F671-2,R2,1,3,3389,3563,0.151,0.753,5.83,5.87
F684,R2,2,3,2198,2367,0.290,1.452,5.96,6.15
F611,R2,3,3,2198,2367,0.290,1.452,6.08,6.19
F652,R2,2,2,2199,2408,0.282,1.409,6.03,6.17
