Node,Fault,I_R1 (A),R1 fast (s),R1 delayed (s),I_R2 (A),R2 fast (s),R2 delayed (s),Primary fuse,Fuse MMT (s),Paper R1 fast,Paper R1 delayed,Paper R2 fast,Paper R2 delayed,Paper fuse MMT
632,LLL,7290,0.046,0.912,1788,0.058,0.958,---,---,0.070,1.398,0.045,0.514,---
633,LLL,5587,0.065,1.291,1368,0.089,1.472,F633,0.835,0.094,1.880,0.052,0.706,0.163
645,LLG,4424,0.090,1.795,1129,0.124,2.063,F632,0.478,0.105,2.095,0.087,1.659,0.276
646,LLG,3803,0.113,2.255,981,0.162,2.697,F646,1.248,0.128,2.555,0.103,2.046,0.181
DL,LLL,5530,0.065,1.309,1951,0.051,0.841,F-DL,0.369,0.087,1.733,0.076,1.402,0.248
671,LLL,4457,0.089,1.775,4427,0.111,0.553,---,---,0.105,2.091,0.068,1.113,---
692,LLL,4457,0.089,1.775,4427,0.111,0.553,F671-1,0.194,0.115,2.307,0.072,1.258,0.175
675,LLL,3948,0.106,2.128,3868,0.134,0.669,F692-R,0.233,0.121,2.414,0.074,1.332,0.185
684,LLG,3317,0.140,2.803,3290,0.170,0.852,F671-2,0.189,0.125,2.507,0.075,1.394,0.205
680,LLL,3483,0.130,2.590,3441,0.159,0.795,F671,0.261,0.137,2.747,0.079,1.555,---
611,LG,2011,0.350,6.998,1904,0.434,2.171,F684,1.187,0.326,6.523,0.146,4.385,0.417
652,LG,1946,0.375,7.495,1902,0.435,2.175,F652,1.305,0.676,13.525,0.143,9.370,0.233
